title,release_year,director,genre_imdb,genre_tmdb,rating_imdb,vote_average_tmdb,vote_count_tmdb,budget_in_millions,revenue_in_millions,gross_in_millions,popularity,runtime_imdb,runtime_tmdb,metascore,_merge_status
The Shawshank Redemption,1994,Frank Darabont,Drama,"Crime, Drama",9.3,8.5,8205,25.0,28.341469,28.34,136.747729,142,142,82,both
The Godfather,1972,Francis Ford Coppola,"Crime, Drama","Crime, Drama",9.2,8.4,5893,6.0,245.066411,134.97,143.659698,175,175,100,both
The Dark Knight,2008,Christopher Nolan,"Action, Crime, Drama","Action, Crime, Drama, Thriller",9.0,8.2,12002,185.0,1004.558444,534.86,187.322927,152,152,84,both
Schindler's List,1993,Steven Spielberg,"Biography, Drama, History","Drama, History, War",9.0,8.3,4329,22.0,321.365567,96.9,104.469351,195,195,95,both
12 Angry Men,1957,Sidney Lumet,"Crime, Drama",Drama,9.0,8.2,2078,0.35,1.0,4.36,59.259204,96,96,97,both
The Lord of the Rings: The Return of the King,2003,Peter Jackson,"Action, Adventure, Drama","Action, Adventure, Fantasy",9.0,8.1,8064,94.0,1118.888979,377.85,123.630332,201,201,94,both
The Godfather Part II,1974,Francis Ford Coppola,"Crime, Drama",,9.0,8.3,3338,13.0,47.542841,57.3,105.792936,202,200,90,fuzzy
Pulp Fiction,1994,Quentin Tarantino,"Crime, Drama","Crime, Thriller",8.9,8.3,8428,8.0,213.928762,107.93,121.463076,154,154,95,both
Inception,2010,Christopher Nolan,"Action, Adventure, Sci-Fi","Action, Adventure, Mystery, Science Fiction, Thriller",8.8,8.1,13752,160.0,825.532764,292.58,167.58371,148,148,74,both
The Lord of the Rings: The Fellowship of the Ring,2001,Peter Jackson,"Action, Adventure, Drama","Action, Adventure, Fantasy",8.8,8.0,8705,93.0,871.368364,315.54,138.049577,178,178,92,both
Fight Club,1999,David Fincher,Drama,Drama,8.8,8.3,9413,63.0,100.853753,37.03,146.757391,139,139,67,both
Forrest Gump,1994,Robert Zemeckis,"Drama, Romance","Comedy, Drama, Romance",8.8,8.2,7927,55.0,677.945399,330.25,138.133331,142,142,82,both
"The Good, the Bad and the Ugly",1966,Sergio Leone,"Adventure, Western",Western,8.8,8.1,2311,1.2,6.0,6.1,88.377076,178,161,90,both
The Lord of the Rings: The Two Towers,2002,Peter Jackson,"Action, Adventure, Drama","Action, Adventure, Fantasy",8.8,8.0,7487,79.0,926.2874,342.55,106.914973,179,179,87,both
Interstellar,2014,Christopher Nolan,"Adventure, Drama, Sci-Fi","Adventure, Drama, Science Fiction",8.7,8.1,10867,165.0,675.120017,188.02,724.247784,169,169,74,both
Goodfellas,1990,Martin Scorsese,"Biography, Crime, Drama","Crime, Drama",8.7,8.2,3128,25.0,46.836394,46.84,63.654244,145,145,92,both
The Matrix,1999,Lana Wachowski,"Action, Sci-Fi","Action, Science Fiction",8.7,7.9,8907,63.0,463.517383,171.48,104.309993,136,136,73,both
One Flew Over the Cuckoo's Nest,1975,Milos Forman,Drama,Drama,8.7,8.2,2919,3.0,108.981275,112.0,127.525581,133,133,84,both
Star Wars: Episode V - The Empire Strikes Back,1980,Irvin Kershner,"Action, Adventure, Fantasy",,8.7,,,,,290.48,,124,,82,left_only
The Green Mile,1999,Frank Darabont,"Crime, Drama, Fantasy","Crime, Drama, Fantasy",8.6,8.2,4048,60.0,284.6,136.8,103.698022,189,189,61,both
Terminator 2: Judgment Day,1991,James Cameron,"Action, Sci-Fi","Action, Science Fiction, Thriller",8.6,7.7,4185,100.0,520.0,204.84,101.74155,137,137,75,both
Se7en,1995,David Fincher,"Crime, Drama, Mystery","Crime, Mystery, Thriller",8.6,8.1,5765,33.0,327.311859,100.13,79.579532,127,127,65,both
Saving Private Ryan,1998,Steven Spielberg,"Drama, War","Drama, History, War",8.6,7.9,5048,70.0,481.840909,216.54,76.041867,169,169,91,both
The Silence of the Lambs,1991,Jonathan Demme,"Crime, Drama, Thriller","Crime, Drama, Thriller",8.6,8.1,4443,19.0,272.742922,130.74,18.174804,118,119,86,both
Star Wars: Episode IV - A New Hope,1977,George Lucas,"Action, Adventure, Fantasy",,8.6,,,,,322.74,,121,,90,left_only
Spirited Away,2001,Hayao Miyazaki,"Animation, Adventure, Family","Adventure, Animation, Family, Fantasy",8.6,8.3,3840,15.0,274.925095,10.06,118.968562,125,125,96,both
City of God,2002,Fernando Meirelles,"Crime, Drama","Crime, Drama",8.6,8.1,1814,3.3,30.64177,7.56,44.356711,130,130,79,both
Life Is Beautiful,1997,Roberto Benigni,"Comedy, Drama, Romance",,8.6,,,,,57.6,,116,,59,left_only
Seven Samurai,1954,Akira Kurosawa,"Action, Drama","Action, Drama",8.6,8.2,878,2.0,0.271841,0.27,39.756748,207,207,98,both
Back to the Future,1985,Robert Zemeckis,"Adventure, Comedy, Sci-Fi","Adventure, Comedy, Family, Science Fiction",8.5,8.0,6079,19.0,381.109762,210.61,76.603233,116,116,87,both
The Departed,2006,Martin Scorsese,"Crime, Drama, Thriller","Crime, Drama, Thriller",8.5,7.9,4339,90.0,289.847354,132.38,63.429157,151,151,85,both
Gladiator,2000,Ridley Scott,"Action, Adventure, Drama","Action, Adventure, Drama",8.5,7.9,5439,103.0,457.640427,187.71,95.301296,155,155,67,both
Alien,1979,Ridley Scott,"Horror, Sci-Fi","Action, Horror, Science Fiction, Thriller",8.5,7.9,4470,11.0,104.931801,78.9,94.184658,117,117,89,both
Parasite,2019,Bong Joon Ho,"Drama, Thriller",,8.5,,,,,53.37,,132,,96,left_only
The Prestige,2006,Christopher Nolan,"Drama, Mystery, Sci-Fi","Drama, Mystery, Thriller",8.5,8.0,4391,40.0,109.676311,53.09,74.440708,130,130,66,both
Whiplash,2014,Damien Chazelle,"Drama, Music",Drama,8.5,8.3,4254,3.3,13.092,13.09,192.528841,106,105,89,both
Léon: The Professional,1994,Luc Besson,"Action, Crime, Drama",,8.5,,,,,19.5,,110,,64,left_only
The Lion King,1994,Roger Allers,"Animation, Adventure, Drama","Animation, Drama, Family",8.5,8.0,5376,45.0,788.241776,422.78,90.457886,88,89,88,both
The Usual Suspects,1995,Bryan Singer,"Crime, Drama, Mystery","Crime, Drama, Thriller",8.5,8.1,3254,6.0,23.341568,23.34,64.025031,106,106,77,both
Casablanca,1942,Michael Curtiz,"Drama, Romance, War","Drama, Romance",8.5,7.9,1422,0.878,10.4625,1.02,43.729123,102,102,100,both
American History X,1998,Tony Kaye,"Crime, Drama",Drama,8.5,8.2,3016,20.0,23.875127,6.72,73.567232,119,119,62,both
Psycho,1960,Alfred Hitchcock,"Horror, Mystery, Thriller","Drama, Horror, Thriller",8.5,8.2,2320,0.806948,32.0,32.0,93.067866,109,109,97,both
The Pianist,2002,Roman Polanski,"Biography, Drama, Music","Drama, War",8.5,8.0,1864,35.0,120.072577,32.57,50.587541,150,150,85,both
The Intouchables,2011,Olivier Nakache,"Biography, Comedy, Drama",,8.5,,,,,13.18,,112,,57,left_only
Once Upon a Time in the West,1968,Sergio Leone,Western,Western,8.5,8.1,1128,5.0,5.321508,5.32,49.333137,165,175,82,both
Rear Window,1954,Alfred Hitchcock,"Mystery, Thriller",,8.5,,,,,36.76,,112,,100,left_only
Cinema Paradiso,1988,Giuseppe Tornatore,"Drama, Romance",,8.5,,,,,11.99,,155,,80,left_only
Modern Times,1936,Charles Chaplin,"Comedy, Drama, Romance","Comedy, Drama",8.5,8.1,856,1e-06,8.5,0.16,28.27648,87,87,96,both
City Lights,1931,Charles Chaplin,"Comedy, Drama, Romance",,8.5,,,,,0.02,,87,,99,left_only
Indiana Jones and the Raiders of the Lost Ark,1981,Steven Spielberg,"Action, Adventure",,8.4,,,,,248.16,,115,,85,left_only
Spider-Man: Into the Spider-Verse,2018,Bob Persichetti,"Animation, Action, Adventure",,8.4,,,,,190.24,,117,,87,left_only
Avengers: Endgame,2019,Anthony Russo,"Action, Adventure, Drama",,8.4,,,,,858.37,,181,,78,left_only
Django Unchained,2012,Quentin Tarantino,"Drama, Western","Drama, Western",8.4,7.8,10099,100.0,425.368238,162.81,82.121691,165,165,81,both
Apocalypse Now,1979,Francis Ford Coppola,"Drama, Mystery, War","Drama, War",8.4,8.0,2055,31.5,89.460381,83.47,49.973462,147,153,94,both
Aliens,1986,James Cameron,"Action, Adventure, Sci-Fi","Action, Horror, Science Fiction, Thriller",8.4,7.7,3220,18.5,183.316455,85.16,67.66094,137,137,84,both
The Dark Knight Rises,2012,Christopher Nolan,"Action, Drama, Thriller","Action, Crime, Drama, Thriller",8.4,7.6,9106,250.0,1084.939099,448.14,112.31295,164,165,78,both
Avengers: Infinity War,2018,Anthony Russo,"Action, Adventure, Sci-Fi",,8.4,,,,,678.82,,149,,68,left_only
The Shining,1980,Stanley Kubrick,"Drama, Horror","Horror, Thriller",8.4,8.1,3757,19.0,44.017374,44.02,78.699993,146,144,66,both
Oldboy,2003,Park Chan-wook,"Action, Drama, Mystery","Action, Drama, Mystery, Thriller",8.4,8.0,1945,3.0,14.980005,0.71,56.76349,120,120,77,both
Memento,2000,Christopher Nolan,"Mystery, Thriller","Mystery, Thriller",8.4,8.1,4028,9.0,39.723096,25.54,60.715151,113,113,83,both
Amadeus,1984,Milos Forman,"Biography, Drama, Music","Drama, History, Music",8.4,7.8,1076,18.0,51.973029,51.97,31.82675,160,160,88,both
Your Name.,2016,Makoto Shinkai,"Animation, Drama, Fantasy",,8.4,,,,,5.02,,106,,81,left_only
WALL·E,2008,Andrew Stanton,"Animation, Adventure, Family","Animation, Family",8.4,7.8,6296,180.0,521.31186,223.81,66.390712,98,98,95,both
3 Idiots,2009,Rajkumar Hirani,"Comedy, Drama",,8.4,,,,,6.53,,170,,67,left_only
The Lives of Others,2006,Florian Henckel von Donnersmarck,"Drama, Mystery, Thriller","Drama, Thriller",8.4,7.9,958,2.0,70.0,11.29,34.938177,137,137,89,both
Dr. Strangelove or: How I Learned to Stop Worrying and Love the Bomb,1964,Stanley Kubrick,"Comedy, War","Comedy, Drama, War",8.4,8.0,1442,1.8,9.440272,0.28,41.996783,95,95,97,both
Das Boot,1981,Wolfgang Petersen,"Drama, War","Action, Adventure, Drama, History, War",8.4,7.9,613,14.0,85.0,11.49,26.967494,149,149,86,both
Capernaum,2018,Nadine Labaki,Drama,,8.4,,,,,1.66,,126,,75,left_only
Witness for the Prosecution,1957,Billy Wilder,"Crime, Drama, Mystery",,8.4,,,,,8.18,,116,,76,left_only
Top Gun: Maverick,2022,Joseph Kosinski,"Action, Drama",,8.3,,,,,718.73,,130,,78,left_only
Heat,1995,Michael Mann,"Action, Crime, Drama",,8.3,,,,,67.44,,170,,76,left_only
Inglourious Basterds,2009,Quentin Tarantino,"Adventure, Drama, War","Action, Drama, Thriller, War",8.3,7.9,6430,70.0,319.13105,120.54,72.595961,153,153,69,both
Full Metal Jacket,1987,Stanley Kubrick,"Drama, War",,8.3,,,,,46.36,,116,,78,left_only
Scarface,1983,Brian De Palma,"Crime, Drama","Action, Crime, Drama, Thriller",8.3,8.0,2948,25.0,65.884703,45.6,70.105981,170,170,65,both
American Beauty,1999,Sam Mendes,Drama,Drama,8.3,7.9,3313,15.0,356.296601,130.1,80.878605,122,122,84,both
Requiem for a Dream,2000,Darren Aronofsky,Drama,"Crime, Drama",8.3,7.9,2443,4.5,7.390108,3.64,11.573034,102,102,71,both
Good Will Hunting,1997,Gus Van Sant,"Drama, Romance",Drama,8.3,7.9,2811,10.0,225.933435,138.43,43.734886,126,126,70,both
Eternal Sunshine of the Spotless Mind,2004,Michel Gondry,"Drama, Romance, Sci-Fi","Drama, Romance, Science Fiction",8.3,7.9,3652,20.0,72.258126,34.4,56.481487,108,108,89,both
A Clockwork Orange,1971,Stanley Kubrick,"Crime, Sci-Fi",,8.3,,,,,6.21,,136,,77,left_only
Vertigo,1958,Alfred Hitchcock,"Mystery, Romance, Thriller",,8.3,,,,,3.2,,128,,100,left_only
Braveheart,1995,Mel Gibson,"Biography, Drama, History","Action, Drama, History, War",8.3,7.7,3336,72.0,210.0,75.6,60.722162,178,177,68,both
2001: A Space Odyssey,1968,Stanley Kubrick,"Adventure, Sci-Fi","Adventure, Mystery, Science Fiction",8.3,7.9,2998,10.5,68.7,56.95,86.201184,149,149,84,both
Reservoir Dogs,1992,Quentin Tarantino,"Crime, Thriller","Crime, Thriller",8.3,8.0,3697,1.2,14.661007,2.83,66.925866,99,99,81,both
Once Upon a Time in America,1984,Sergio Leone,"Crime, Drama",,8.3,,,,,5.32,,229,,75,left_only
The Hunt,2012,Thomas Vinterberg,Drama,Drama,8.3,7.9,927,3.8,16.8,0.69,21.826888,115,115,77,both
Toy Story,1995,John Lasseter,"Animation, Adventure, Comedy","Animation, Comedy, Family",8.3,7.7,5269,30.0,373.554033,191.8,73.640445,81,81,96,both
Up,2009,Pete Docter,"Animation, Adventure, Comedy","Adventure, Animation, Comedy, Family",8.3,7.7,6870,175.0,735.099082,293.0,92.201962,96,96,88,both
Star Wars: Episode VI - Return of the Jedi,1983,Richard Marquand,"Action, Adventure, Fantasy",,8.3,,,,,309.13,,131,,58,left_only
Amélie,2001,Jean-Pierre Jeunet,"Comedy, Romance","Comedy, Romance",8.3,7.8,3310,10.0,173.921954,33.23,73.720244,122,122,69,both
Incendies,2010,Denis Villeneuve,"Drama, Mystery","Drama, Mystery, War",8.3,7.9,479,6.8,7.103838,6.86,21.285206,131,130,80,both
Lawrence of Arabia,1962,David Lean,"Adventure, Biography, Drama","Adventure, Drama, History, War",8.3,7.8,851,15.0,69.995385,44.82,41.286336,218,216,100,both
Toy Story 3,2010,Lee Unkrich,"Animation, Adventure, Comedy","Animation, Comedy, Family",8.3,7.6,4597,200.0,1066.969703,415.0,59.995418,103,103,92,both
Princess Mononoke,1997,Hayao Miyazaki,"Animation, Action, Adventure","Adventure, Animation, Fantasy",8.3,8.2,1983,26.5,159.375308,2.38,60.732738,134,134,76,both
North by Northwest,1959,Alfred Hitchcock,"Action, Adventure, Mystery",,8.3,,,,,13.28,,136,,98,left_only
Citizen Kane,1941,Orson Welles,"Drama, Mystery",,8.3,,,,,1.59,,119,,100,left_only
Singin' in the Rain,1952,Stanley Donen,"Comedy, Musical, Romance","Comedy, Music, Romance",8.3,7.8,727,2.5408,7.2,8.82,36.556954,103,103,99,both
Metropolis,1927,Fritz Lang,"Drama, Sci-Fi","Drama, Science Fiction",8.3,8.0,657,92.62,0.650422,1.24,32.351527,153,153,98,both
The Sting,1973,George Roy Hill,"Comedy, Crime, Drama","Comedy, Crime, Drama",8.3,7.9,622,5.5,159.616327,159.6,28.500913,129,129,83,both
A Separation,2011,Asghar Farhadi,Drama,,8.3,,,,,7.1,,123,,95,left_only
The Apartment,1960,Billy Wilder,"Comedy, Drama, Romance","Comedy, Drama, Romance",8.3,8.1,483,3.0,25.0,18.6,22.889294,125,125,94,both
Ikiru,1952,Akira Kurosawa,Drama,,8.3,,,,,0.06,,143,,92,left_only
Double Indemnity,1944,Billy Wilder,"Crime, Drama, Film-Noir",,8.3,,,,,5.72,,107,,95,left_only
Indiana Jones and the Last Crusade,1989,Steven Spielberg,"Action, Adventure","Action, Adventure",8.2,7.6,3152,48.0,474.171806,197.17,80.972475,127,127,65,both
The Wolf of Wall Street,2013,Martin Scorsese,"Biography, Comedy, Crime","Comedy, Crime, Drama",8.2,7.9,6571,100.0,392.000694,116.9,95.007934,180,180,75,both
Spider-Man: No Way Home,2021,Jon Watts,"Action, Adventure, Fantasy",,8.2,,,,,804.75,,148,,71,left_only
There Will Be Blood,2007,Paul Thomas Anderson,Drama,Drama,8.2,7.9,1537,25.0,77.208711,40.22,37.817905,158,158,93,both
Jurassic Park,1993,Steven Spielberg,"Action, Adventure, Sci-Fi","Adventure, Science Fiction",8.2,7.6,4856,63.0,920.1,402.45,40.413191,127,127,68,both
Shutter Island,2010,Martin Scorsese,"Mystery, Thriller","Drama, Mystery, Thriller",8.2,7.8,6336,80.0,294.804195,128.01,81.914696,138,138,63,both
No Country for Old Men,2007,Ethan Coen,"Crime, Drama, Thriller","Crime, Drama, Thriller",8.2,7.7,3003,25.0,171.6,74.28,53.645267,122,122,92,both
The Thing,1982,John Carpenter,"Horror, Mystery, Sci-Fi","Horror, Mystery, Science Fiction",8.2,7.8,1588,15.0,19.62976,13.78,52.731379,109,109,57,both
Batman Begins,2005,Christopher Nolan,"Action, Crime, Drama","Action, Crime, Drama",8.2,7.5,7359,150.0,374.218673,206.85,115.040024,140,140,70,both
Taxi Driver,1976,Martin Scorsese,"Crime, Drama","Crime, Drama",8.2,8.0,2535,1.3,28.262574,28.26,58.845025,114,114,94,both
1917,2019,Sam Mendes,"Action, Drama, War",,8.2,,,,,159.23,,119,,78,left_only
Casino,1995,Martin Scorsese,"Crime, Drama","Crime, Drama",8.2,7.8,1307,52.0,116.112375,42.44,40.06688,178,178,73,both
Snatch,2000,Guy Ritchie,"Comedy, Crime","Crime, Thriller",8.2,7.7,2912,10.0,83.557872,30.33,53.595686,102,103,55,both
Howl's Moving Castle,2004,Hayao Miyazaki,"Animation, Adventure, Family","Adventure, Animation, Fantasy",8.2,8.2,1991,24.0,234.710455,4.71,49.549984,119,119,82,both
Unforgiven,1992,Clint Eastwood,"Drama, Western",Western,8.2,7.7,1113,14.0,159.157447,101.16,37.380435,130,131,85,both
The Truman Show,1998,Peter Weir,"Comedy, Drama","Comedy, Drama",8.2,7.8,4537,60.0,264.118201,125.62,56.488027,103,103,90,both
Green Book,2018,Peter Farrelly,"Biography, Comedy, Drama",,8.2,,,,,85.08,,130,,69,left_only
Kill Bill: Vol. 1,2003,Quentin Tarantino,"Action, Crime, Thriller","Action, Crime",8.2,7.7,4949,30.0,180.949,70.1,79.754966,111,111,69,both
L.A. Confidential,1997,Curtis Hanson,"Crime, Drama, Mystery","Crime, Drama, Mystery, Thriller",8.2,7.7,1310,35.0,126.21694,64.62,24.860326,138,138,91,both
The Sixth Sense,1999,M. Night Shyamalan,"Drama, Mystery, Thriller","Drama, Mystery, Thriller",8.2,7.7,3147,40.0,672.806292,293.51,73.085576,107,107,64,both
Finding Nemo,2003,Andrew Stanton,"Animation, Adventure, Comedy","Animation, Family",8.2,7.6,6122,94.0,940.335536,380.84,85.688789,100,100,90,both
Die Hard,1988,John McTiernan,"Action, Thriller","Action, Thriller",8.2,7.5,3948,28.0,140.767956,83.01,66.169628,132,131,72,both
A Beautiful Mind,2001,Ron Howard,"Biography, Drama","Drama, Romance",8.2,7.7,3009,60.0,313.542341,170.74,59.248437,135,135,72,both
Downfall,2004,Oliver Hirschbiegel,"Biography, Drama, History","Drama, History, War",8.2,7.7,1037,18.33975,92.18091,5.51,32.445895,156,156,82,both
Gone with the Wind,1939,Victor Fleming,"Drama, Romance, War","Drama, Romance, War",8.2,7.7,970,4.0,400.176459,198.68,48.98255,238,238,97,both
Chinatown,1974,Roman Polanski,"Drama, Mystery, Thriller",,8.2,,,,,8.49,,130,,92,left_only
V for Vendetta,2005,James McTeigue,"Action, Drama, Sci-Fi",,8.2,,,,,70.51,,132,,62,left_only
Pan's Labyrinth,2006,Guillermo del Toro,"Drama, Fantasy, War","Drama, Fantasy, War",8.2,7.6,3041,19.0,83.258226,37.63,90.809408,118,118,98,both
The Great Escape,1963,John Sturges,"Adventure, Drama, History","Adventure, Drama, History, Thriller, War",8.2,7.8,717,4.0,11.744471,12.1,35.061467,172,172,86,both
Some Like It Hot,1959,Billy Wilder,"Comedy, Music, Romance","Comedy, Romance",8.2,8.0,808,2.883848,25.0,25.0,39.30982,121,122,98,both
Monty Python and the Holy Grail,1975,Terry Gilliam,"Adventure, Comedy, Fantasy","Adventure, Comedy, Fantasy",8.2,7.8,1708,0.4,5.028948,1.23,64.782984,91,91,91,both
Demon Slayer the Movie: Mugen Train,2020,Haruo Sotozaki,"Animation, Action, Adventure",,8.2,,,,,47.7,,117,,72,left_only
The Secret in Their Eyes,2009,Juan José Campanella,"Drama, Mystery, Romance","Crime, Drama, Mystery, Romance",8.2,7.8,626,2.0,33.965843,6.39,25.894065,129,129,80,both
For a Few Dollars More,1965,Sergio Leone,"Drama, Western",,8.2,,,,,15.0,,132,,74,left_only
Ran,1985,Akira Kurosawa,"Action, Drama, War",,8.2,,,,,4.14,,162,,97,left_only
Dial M for Murder,1954,Alfred Hitchcock,"Crime, Thriller",,8.2,,,,,0.01,,105,,75,left_only
All About Eve,1950,Joseph L. Mankiewicz,Drama,,8.2,,,,,0.01,,138,,98,left_only
Rashomon,1950,Akira Kurosawa,"Crime, Drama, Mystery",,8.2,,,,,0.1,,88,,98,left_only
The Treasure of the Sierra Madre,1948,John Huston,"Adventure, Drama, Western",,8.2,,,,,5.01,,126,,98,left_only
Z,1969,Costa-Gavras,"Crime, Drama, Thriller",,8.2,,,,,0.08,,127,,86,left_only
Children of Heaven,1997,Majid Majidi,"Drama, Family, Sport","Comedy, Drama, Family",8.2,7.8,112,0.18,0.9,0.93,7.072118,89,89,77,both
The Passion of Joan of Arc,1928,Carl Theodor Dreyer,"Biography, Drama, History",,8.2,,,,,0.02,,114,,98,left_only
Umberto D.,1952,Vittorio De Sica,Drama,,8.2,,,,,0.07,,89,,92,left_only
Jaws,1975,Steven Spielberg,"Adventure, Mystery, Thriller","Adventure, Horror, Thriller",8.1,7.5,2542,7.0,470.654,260.0,50.152327,124,124,87,both
The Grand Budapest Hotel,2014,Wes Anderson,"Adventure, Comedy, Crime","Comedy, Drama",8.1,8.0,4519,30.0,174.600318,59.1,74.417456,99,99,88,both
Prisoners,2013,Denis Villeneuve,"Crime, Drama, Mystery","Crime, Drama, Thriller",8.1,7.9,3085,46.0,122.126687,61.0,88.496873,153,153,70,both
Pirates of the Caribbean: The Curse of the Black Pearl,2003,Gore Verbinski,"Action, Adventure, Fantasy","Action, Adventure, Fantasy",8.1,7.5,6985,140.0,655.011224,305.41,271.972889,143,143,63,both
Blade Runner,1982,Ridley Scott,"Action, Drama, Sci-Fi","Drama, Science Fiction, Thriller",8.1,7.9,3509,28.0,33.139618,32.87,94.056131,117,117,84,both
The Terminator,1984,James Cameron,"Action, Sci-Fi","Action, Science Fiction, Thriller",8.1,7.3,4128,6.4,78.3712,38.4,74.234793,107,108,84,both
Mad Max: Fury Road,2015,George Miller,"Action, Adventure, Sci-Fi","Action, Adventure, Science Fiction, Thriller",8.1,7.2,9427,150.0,378.85834,154.06,434.278564,120,120,90,both
Gone Girl,2014,David Fincher,"Drama, Mystery, Thriller","Drama, Mystery, Thriller",8.1,7.9,5862,61.0,369.330363,167.77,143.041543,149,145,79,both
Ford v Ferrari,2019,James Mangold,"Action, Biography, Drama",,8.1,,,,,117.62,,152,,81,left_only
The Help,2011,Tate Taylor,Drama,Drama,8.1,7.8,1910,25.0,124.272124,169.71,42.191509,146,146,62,both
Logan,2017,James Mangold,"Action, Drama, Sci-Fi",,8.1,,,,,226.28,,137,,77,left_only
Catch Me If You Can,2002,Steven Spielberg,"Biography, Crime, Drama","Crime, Drama",8.1,7.7,3795,52.0,352.114312,164.62,73.944049,141,141,75,both
The Big Lebowski,1998,Joel Coen,"Comedy, Crime","Comedy, Crime",8.1,7.8,2926,15.0,46.189568,17.5,49.230089,117,117,71,both
Hacksaw Ridge,2016,Mel Gibson,"Biography, Drama, History",,8.1,,,,,67.21,,139,,71,left_only
Stand by Me,1986,Rob Reiner,"Adventure, Drama","Crime, Drama",8.1,7.8,1522,8.0,52.287414,52.29,51.109279,89,89,75,both
Ratatouille,2007,Brad Bird,"Animation, Adventure, Comedy","Animation, Comedy, Family, Fantasy",8.1,7.5,4369,150.0,623.722818,206.45,65.677399,111,111,96,both
Harry Potter and the Deathly Hallows: Part 2,2011,David Yates,"Adventure, Family, Fantasy",,8.1,,,,,381.01,,130,,85,left_only
The Exorcist,1973,William Friedkin,Horror,"Drama, Horror, Thriller",8.1,7.5,2005,8.0,441.306145,232.91,47.584643,122,122,81,both
The Handmaiden,2016,Park Chan-wook,"Drama, Romance, Thriller",,8.1,,,,,2.01,,145,,85,left_only
Rocky,1976,John G. Avildsen,"Drama, Sport",Drama,8.1,7.5,1791,1.0,117.235147,117.24,72.19808,120,119,70,both
On the Waterfront,1954,Elia Kazan,"Crime, Drama, Thriller","Crime, Drama",8.1,8.0,357,0.91,9.6,9.6,16.015599,108,108,91,both
Fargo,1996,Joel Coen,"Crime, Thriller",,8.1,,,,,24.61,,98,,86,left_only
Trainspotting,1996,Danny Boyle,Drama,"Crime, Drama",8.1,7.8,2655,4.0,16.49108,16.5,63.513324,93,93,83,both
The Wizard of Oz,1939,Victor Fleming,"Adventure, Family, Fantasy","Adventure, Family, Fantasy",8.1,7.4,1642,2.777,33.754967,2.08,67.417542,102,102,92,both
"Three Billboards Outside Ebbing, Missouri",2017,Martin McDonagh,"Comedy, Crime, Drama",,8.1,,,,,54.51,,115,,88,left_only
Dead Poets Society,1989,Peter Weir,"Comedy, Drama",Drama,8.1,8.1,2705,16.4,235.860116,95.86,55.458584,128,129,79,both
Into the Wild,2007,Sean Penn,"Adventure, Biography, Drama","Adventure, Drama",8.1,7.8,3045,15.0,56.255142,18.35,43.644978,148,148,73,both
The Deer Hunter,1978,Michael Cimino,"Drama, War","Drama, War",8.1,7.8,921,15.0,50.0,48.98,19.786392,183,183,86,both
"Monsters, Inc.",2001,Pete Docter,"Animation, Adventure, Comedy","Animation, Comedy, Family",8.1,7.5,5996,115.0,562.816256,289.92,106.815545,92,92,79,both
Memories of Murder,2003,Bong Joon Ho,"Crime, Drama, Mystery",,8.1,,,,,0.01,,132,,82,left_only
Before Sunrise,1995,Richard Linklater,"Drama, Romance","Drama, Romance",8.1,7.7,959,2.5,5.535405,5.54,23.672571,101,105,77,both
12 Years a Slave,2013,Steve McQueen,"Biography, Drama, History","Drama, History",8.1,7.9,3674,20.0,187.0,56.67,95.9229,134,134,96,both
The Sound of Music,1965,Robert Wise,"Biography, Drama, Family","Drama, Family, Music, Romance",8.1,7.4,941,8.2,286.214286,163.21,37.960289,172,174,63,both
Platoon,1986,Oliver Stone,"Drama, War","Action, Drama, War",8.1,7.5,1205,6.0,138.530565,138.53,49.802914,120,120,92,both
How to Train Your Dragon,2010,Dean DeBlois,"Animation, Action, Adventure","Adventure, Animation, Family, Fantasy",8.1,7.5,4227,165.0,494.878759,217.58,67.263269,98,98,75,both
"Lock, Stock and Two Smoking Barrels",1998,Guy Ritchie,"Action, Comedy, Crime","Comedy, Crime",8.1,7.5,1648,1.35,3.897569,3.9,16.032594,107,105,66,both
Warrior,2011,Gavin O'Connor,"Action, Drama, Sport","Action, Drama",8.1,7.7,1272,25.0,23.057115,13.66,51.915025,140,140,71,both
Portrait of a Lady on Fire,2019,Céline Sciamma,Drama,,8.1,,,,,3.76,,122,,95,left_only
Gran Torino,2008,Clint Eastwood,Drama,Drama,8.1,7.8,3086,33.0,269.958228,148.1,50.7453,116,116,72,both
Million Dollar Baby,2004,Clint Eastwood,"Drama, Sport",Drama,8.1,7.7,2439,30.0,216.763646,100.49,70.456012,132,132,86,both
In the Mood for Love,2000,Kar-Wai Wong,"Drama, Romance",,8.1,,,,,2.73,,98,,87,left_only
My Neighbor Totoro,1988,Hayao Miyazaki,"Animation, Comedy, Family",,8.1,,,,,1.11,,86,,86,left_only
Raging Bull,1980,Martin Scorsese,"Biography, Drama, Sport",Drama,8.1,7.7,938,18.0,23.0,23.38,35.524457,129,129,90,both
Cool Hand Luke,1967,Stuart Rosenberg,"Crime, Drama",,8.1,,,,,16.22,,127,,92,left_only
The Iron Giant,1999,Brad Bird,"Animation, Action, Adventure","Adventure, Animation, Family, Fantasy, Science Fiction",8.1,7.6,1436,70.0,23.159305,23.16,61.245957,86,86,85,both
Wild Tales,2014,Damián Szifron,"Comedy, Drama, Thriller",,8.1,,,,,3.11,,122,,77,left_only
Before Sunset,2004,Richard Linklater,"Drama, Romance","Drama, Romance",8.1,7.6,718,2.7,15.992615,5.82,14.799323,80,80,91,both
Stalker,1979,Andrei Tarkovsky,"Drama, Sci-Fi",,8.1,,,,,0.23,,162,,85,left_only
Ben-Hur,1959,William Wyler,"Adventure, Drama",,8.1,,,,,74.7,,212,,90,left_only
"Paris, Texas",1984,Wim Wenders,Drama,,8.1,,,,,2.18,,145,,81,left_only
The Bridge on the River Kwai,1957,David Lean,"Adventure, Drama, War","Drama, History, War",8.1,7.7,542,3.0,33.3,44.91,23.109959,161,161,87,both
In the Name of the Father,1993,Jim Sheridan,"Biography, Crime, Drama",,8.1,,,,,25.01,,133,,84,left_only
Hotel Rwanda,2004,Terry George,"Biography, Drama, History","Drama, History, War",8.1,7.5,793,17.5,38.0,23.53,28.60542,121,121,79,both
Amores Perros,2000,Alejandro G. Iñárritu,"Drama, Thriller","Drama, Thriller",8.1,7.6,521,2.0,20.908467,5.38,23.281616,154,154,83,both
Rebecca,1940,Alfred Hitchcock,"Drama, Film-Noir, Mystery","Drama, Mystery",8.1,7.7,336,1.288,6.0,4.36,18.426825,130,130,86,both
The Third Man,1949,Carol Reed,"Film-Noir, Mystery, Thriller",,8.1,,,,,0.45,,93,,97,left_only
Paper Moon,1973,Peter Bogdanovich,"Comedy, Crime, Drama",,8.1,,,,,30.93,,102,,77,left_only
The Best Years of Our Lives,1946,William Wyler,"Drama, Romance, War","Drama, History, Romance",8.1,7.6,143,2.1,23.65,23.65,8.38717,170,172,93,both
The Grapes of Wrath,1940,John Ford,Drama,,8.1,,,,,0.06,,129,,96,left_only
All Quiet on the Western Front,1930,Lewis Milestone,"Drama, War",,8.1,,,,,3.27,,152,,91,left_only
A Woman Under the Influence,1974,John Cassavetes,"Drama, Romance",,8.1,,,,,13.34,,155,,88,left_only
Three Colors: Red,1994,Krzysztof Kieslowski,"Drama, Mystery, Romance",,8.1,,,,,4.04,,99,,100,left_only
The Celebration,1998,Thomas Vinterberg,Drama,,8.1,,,,,1.65,,105,,82,left_only
It Happened One Night,1934,Frank Capra,"Comedy, Romance","Comedy, Romance",8.1,7.7,275,0.325,4.5,4.36,11.871424,105,105,87,both
Fanny and Alexander,1982,Ingmar Bergman,Drama,,8.1,,,,,4.97,,188,,100,left_only
Lagaan: Once Upon a Time in India,2001,Ashutosh Gowariker,"Drama, Musical, Sport",,8.1,,,,,0.07,,224,,84,left_only
Yi Yi: A One and a Two...,2000,Edward Yang,"Drama, Romance",,8.1,,,,,1.14,,173,,94,left_only
Underground,1995,Emir Kusturica,"Comedy, Drama, Fantasy",,8.1,,,,,0.17,,167,,79,left_only
The Battle of Algiers,1966,Gillo Pontecorvo,"Drama, War",,8.1,,,,,0.06,,121,,96,left_only
Farewell My Concubine,1993,Kaige Chen,"Drama, Music, Romance",,8.1,,,,,5.22,,171,,83,left_only
Mr. Smith Goes to Washington,1939,Frank Capra,"Comedy, Drama","Comedy, Drama",8.1,7.9,241,1.5,9.6,9.6,12.2624,129,129,73,both
Winter Sleep,2014,Nuri Bilge Ceylan,Drama,,8.1,,,,,0.17,,196,,88,left_only
Ace in the Hole,1951,Billy Wilder,"Drama, Film-Noir",,8.1,,,,,3.97,,111,,72,left_only
Sunrise,1927,F.W. Murnau,"Drama, Romance",,8.1,,,,,0.54,,94,,95,left_only
Rififi,1955,Jules Dassin,"Crime, Drama, Thriller",,8.1,,,,,0.06,,118,,97,left_only
Let's Go! India,2007,Shimit Amin,"Drama, Family, Sport",,8.1,,,,,1.11,,153,,68,left_only
Tangerines,2013,Zaza Urushadze,"Drama, War",,8.1,,,,,0.14,,87,,73,left_only
Dune,2021,Denis Villeneuve,"Action, Adventure, Drama",,8.0,,,,,108.33,,155,,74,left_only
Blade Runner 2049,2017,Denis Villeneuve,"Action, Drama, Mystery",,8.0,,,,,92.05,,164,,81,left_only
Guardians of the Galaxy,2014,James Gunn,"Action, Adventure, Comedy","Action, Adventure, Science Fiction",8.0,7.9,9742,170.0,773.328629,333.18,481.098624,121,121,76,both
Deadpool,2016,Tim Miller,"Action, Comedy","Action, Adventure, Comedy",8.0,7.4,10995,58.0,783.112979,363.07,514.569956,108,108,65,both
Rain Man,1988,Barry Levinson,Drama,Drama,8.0,7.6,1709,25.0,412.8,178.8,49.510658,133,133,65,both
Black Swan,2010,Darren Aronofsky,"Drama, Thriller","Drama, Thriller",8.0,7.3,4430,13.0,327.803731,106.95,91.285683,108,108,79,both
The Princess Bride,1987,Rob Reiner,"Adventure, Comedy, Family","Adventure, Comedy, Family, Fantasy, Romance",8.0,7.6,1486,16.0,30.857814,30.86,44.533612,98,98,77,both
The Avengers,2012,Joss Whedon,"Action, Sci-Fi","Action, Adventure, Science Fiction",8.0,7.4,11776,220.0,1519.55791,623.28,144.448633,143,143,69,both
La La Land,2016,Damien Chazelle,"Comedy, Drama, Music",,8.0,,,,,151.1,,128,,94,left_only
The Martian,2015,Ridley Scott,"Adventure, Drama, Sci-Fi","Adventure, Drama, Science Fiction",8.0,7.6,7268,108.0,630.16189,228.43,167.93287,144,141,80,both
Donnie Darko,2001,Richard Kelly,"Drama, Mystery, Sci-Fi","Drama, Fantasy, Mystery",8.0,7.7,3452,6.0,1.270522,1.48,61.210016,113,113,88,both
The Incredibles,2004,Brad Bird,"Animation, Action, Adventure","Action, Adventure, Animation, Family",8.0,7.4,5152,92.0,631.442092,261.44,77.817571,115,115,90,both
Her,2013,Spike Jonze,"Drama, Romance, Sci-Fi","Drama, Romance, Science Fiction",8.0,7.9,4097,23.0,47.351251,25.57,53.682367,126,126,91,both
Zootopia,2016,Byron Howard,"Animation, Adventure, Comedy",,8.0,,,,,341.27,,108,,78,left_only
The Graduate,1967,Mike Nichols,"Comedy, Drama, Romance",,8.0,,,,,104.95,,106,,83,left_only
Casino Royale,2006,Martin Campbell,"Action, Adventure, Thriller","Action, Adventure, Thriller",8.0,7.3,3855,150.0,599.04596,167.45,88.935165,144,144,80,both
The Imitation Game,2014,Morten Tyldum,"Biography, Drama, Thriller","Drama, History, Thriller, War",8.0,8.0,5723,14.0,233.555708,91.13,145.364591,114,113,71,both
Sin City,2005,Frank Miller,"Crime, Thriller","Action, Crime, Thriller",8.0,7.2,2691,40.0,158.73382,74.1,66.003433,124,124,74,both
Dances with Wolves,1990,Kevin Costner,"Adventure, Drama, Western","Adventure, Drama, Western",8.0,7.6,1046,22.0,424.208848,184.21,45.707835,181,181,72,both
Magnolia,1999,Paul Thomas Anderson,Drama,Drama,8.0,7.5,825,37.0,48.451803,22.46,30.993736,188,188,78,both
Slumdog Millionaire,2008,Danny Boyle,"Crime, Drama, Romance","Drama, Romance",8.0,7.6,2827,15.0,377.910544,141.32,59.258969,120,120,84,both
Scent of a Woman,1992,Martin Brest,Drama,,8.0,,,,,63.9,,156,,59,left_only
Groundhog Day,1993,Harold Ramis,"Comedy, Drama, Fantasy","Comedy, Drama, Fantasy, Romance",8.0,7.4,2301,14.6,70.906973,70.91,52.744331,101,101,72,both
Do the Right Thing,1989,Spike Lee,"Comedy, Drama",Drama,8.0,7.6,292,6.5,37.295445,27.55,15.580335,120,120,93,both
Dog Day Afternoon,1975,Sidney Lumet,"Biography, Crime, Drama",,8.0,,,,,50.0,,125,,86,left_only
Young Frankenstein,1974,Mel Brooks,Comedy,"Comedy, Science Fiction",8.0,7.7,854,2.8,86.273333,86.3,36.444894,106,106,83,both
Aladdin,1992,Ron Clements,"Animation, Adventure, Comedy","Adventure, Animation, Comedy, Family, Fantasy, Romance",8.0,7.4,3416,28.0,504.050219,217.35,92.982009,90,90,86,both
Blood Diamond,2006,Edward Zwick,"Adventure, Drama, Thriller","Action, Drama, Thriller",8.0,7.3,2281,100.0,170.877916,57.37,52.792678,143,143,64,both
12 Monkeys,1995,Terry Gilliam,"Mystery, Sci-Fi, Thriller",,8.0,,,,,57.14,,129,,74,left_only
The Pursuit of Happyness,2006,Gabriele Muccino,"Biography, Drama",Drama,8.0,7.7,2525,55.0,307.077295,163.57,80.581367,117,117,64,both
Big Fish,2003,Tim Burton,"Adventure, Drama, Fantasy","Adventure, Drama, Fantasy",8.0,7.6,1994,70.0,122.919055,66.26,46.199482,125,125,58,both
Beauty and the Beast,1991,Gary Trousdale,"Animation, Family, Fantasy",,8.0,,,,,218.97,,84,,95,left_only
JFK,1991,Oliver Stone,"Drama, History, Thriller","Drama, History, Thriller",8.0,7.5,502,40.0,205.405498,70.41,26.82041,189,189,72,both
High Noon,1952,Fred Zinnemann,"Drama, Thriller, Western",Western,8.0,7.6,334,0.73,8.0,9.45,18.644023,85,85,89,both
Planet of the Apes,1968,Franklin J. Schaffner,"Adventure, Sci-Fi",,8.0,,,,,33.4,,112,,79,left_only
The Bourne Ultimatum,2007,Paul Greengrass,"Action, Mystery, Thriller","Action, Drama, Mystery, Thriller",8.0,7.3,2888,70.0,442.824138,227.47,45.381501,115,115,85,both
Akira,1988,Katsuhiro Ôtomo,"Animation, Action, Drama","Animation, Science Fiction",8.0,7.8,773,8.0,0.553171,0.55,39.338097,124,124,67,both
Perfect Blue,1997,Satoshi Kon,"Animation, Crime, Drama",,8.0,,,,,0.78,,81,,67,left_only
Kill Bill: Vol. 2,2004,Quentin Tarantino,"Action, Crime, Thriller","Action, Crime, Thriller",8.0,7.6,3948,30.0,152.159461,66.21,50.622607,137,136,83,both
Life of Brian,1979,Terry Jones,Comedy,,8.0,,,,,20.05,,94,,77,left_only
Butch Cassidy and the Sundance Kid,1969,George Roy Hill,"Biography, Crime, Drama","Crime, Drama, History, Western",8.0,7.4,650,6.0,102.308889,102.31,24.499996,110,110,66,both
The King's Speech,2010,Tom Hooper,"Biography, Drama, History","Drama, History",8.0,7.6,2752,15.0,414.211549,138.8,54.053576,118,118,88,both
Dogville,2003,Lars von Trier,"Crime, Drama",,8.0,,,,,1.53,,178,,61,left_only
Fiddler on the Roof,1971,Norman Jewison,"Drama, Family, Musical","Drama, Romance",8.0,7.4,134,9.0,83.30433,80.5,7.623979,181,181,67,both
Lion,2016,Garth Davis,"Biography, Drama",,8.0,,,,,51.74,,118,,69,left_only
What Ever Happened to Baby Jane?,1962,Robert Aldrich,"Drama, Horror, Thriller",,8.0,,,,,4.05,,134,,75,left_only
Sling Blade,1996,Billy Bob Thornton,Drama,Drama,8.0,7.4,231,1.0,24.475416,24.48,14.805264,135,135,84,both
Chungking Express,1994,Kar-Wai Wong,"Comedy, Crime, Drama",,8.0,,,,,0.6,,102,,78,left_only
Papillon,1973,Franklin J. Schaffner,"Biography, Crime, Drama",,8.0,,,,,53.27,,151,,58,left_only
Being There,1979,Hal Ashby,"Comedy, Drama",,8.0,,,,,30.18,,130,,83,left_only
The Last Picture Show,1971,Peter Bogdanovich,"Drama, Romance",,8.0,,,,,29.13,,118,,93,left_only
8½,1963,Federico Fellini,"Biography, Drama",,8.0,,,,,0.05,,138,,93,left_only
Annie Hall,1977,Woody Allen,"Comedy, Romance","Comedy, Drama, Romance",8.0,7.8,1010,4.0,38.251425,39.2,35.892034,93,93,92,both
Nausicaä of the Valley of the Wind,1984,Hayao Miyazaki,"Animation, Adventure, Sci-Fi",,8.0,,,,,0.5,,117,,86,left_only
The Maltese Falcon,1941,John Huston,"Crime, Film-Noir, Mystery",,8.0,,,,,2.11,,100,,97,left_only
Rio Bravo,1959,Howard Hawks,"Drama, Western",,8.0,,,,,12.54,,141,,93,left_only
Pink Floyd: The Wall,1982,Alan Parker,"Drama, Fantasy, Music",,8.0,,,,,22.24,,95,,47,left_only
Cinderella Man,2005,Ron Howard,"Biography, Drama, Romance","Drama, History, Romance",8.0,7.3,616,88.0,108.539911,61.65,24.100863,144,144,69,both
The Legend of 1900,1998,Giuseppe Tornatore,"Drama, Music, Romance",,8.0,,,,,0.26,,169,,58,left_only
The Night of the Hunter,1955,Charles Laughton,"Crime, Drama, Film-Noir",,8.0,,,,,0.65,,92,,97,left_only
La Dolce Vita,1960,Federico Fellini,"Comedy, Drama",,8.0,,,,,19.52,,174,,95,left_only
Gandhi,1982,Richard Attenborough,"Biography, Drama, History","Drama, History",8.0,7.4,716,22.0,77.737889,52.77,35.227212,191,191,79,both
Wings of Desire,1987,Wim Wenders,"Drama, Fantasy, Romance",,8.0,,,,,3.33,,128,,79,left_only
Infernal Affairs,2002,Andrew Lau,"Action, Crime, Drama",,8.0,,,,,0.17,,101,,75,left_only
The Straight Story,1999,David Lynch,"Biography, Drama",,8.0,,,,,6.2,,112,,86,left_only
Anatomy of a Murder,1959,Otto Preminger,"Drama, Mystery",,8.0,,,,,11.9,,161,,95,left_only
Touch of Evil,1958,Orson Welles,"Crime, Drama, Film-Noir",,8.0,,,,,2.24,,95,,99,left_only
Mirror,1975,Andrei Tarkovsky,"Biography, Drama",,8.0,,,,,0.18,,107,,82,left_only
The Hustler,1961,Robert Rossen,"Drama, Sport",Drama,8.0,7.6,240,2.0,7.6,8.28,17.639478,134,134,90,both
Elite Squad,2007,José Padilha,"Action, Crime, Drama",,8.0,,,,,0.01,,115,,33,left_only
The Tale of The Princess Kaguya,2013,Isao Takahata,"Animation, Drama, Family",,8.0,,,,,1.51,,137,,89,left_only
Nobody Knows,2004,Kore-eda Hirokazu,Drama,,8.0,,,,,0.68,,141,,88,left_only
Secrets & Lies,1996,Mike Leigh,"Comedy, Drama",,8.0,,,,,13.42,,136,,91,left_only
The Diving Bell and the Butterfly,2007,Julian Schnabel,"Biography, Drama",Drama,8.0,7.4,283,14.0,19.777647,5.99,13.65494,112,112,92,both
Song of the Sea,2014,Tomm Moore,"Animation, Adventure, Drama",,8.0,,,,,0.86,,93,,85,left_only
Departures,2008,Yôjirô Takita,Drama,,8.0,,,,,1.5,,130,,68,left_only
Persepolis,2007,Vincent Paronnaud,"Animation, Biography, Drama",,8.0,,,,,4.45,,96,,90,left_only
"Black Cat, White Cat",1998,Emir Kusturica,"Comedy, Crime, Romance",,8.0,,,,,0.35,,127,,73,left_only
The Wild Pear Tree,2018,Nuri Bilge Ceylan,Drama,,8.0,,,,,0.03,,188,,86,left_only
"Goodbye, Children",1987,Louis Malle,"Drama, War",,8.0,,,,,4.54,,104,,88,left_only
"Spring, Summer, Fall, Winter... and Spring",2003,Kim Ki-duk,"Drama, Romance",,8.0,,,,,2.38,,103,,85,left_only
Elite Squad 2: The Enemy Within,2010,José Padilha,"Action, Crime, Drama",,8.0,,,,,0.1,,115,,71,left_only
The Shop Around the Corner,1940,Ernst Lubitsch,"Comedy, Drama, Romance",,8.0,,,,,0.2,,99,,96,left_only
Central Station,1998,Walter Salles,Drama,Drama,8.0,7.6,126,2.9,5.596708,5.6,5.928937,110,113,80,both
Tae Guk Gi: The Brotherhood of War,2004,Je-kyu Kang,"Action, Drama, War",,8.0,,,,,1.11,,140,,64,left_only
Titanic,1997,James Cameron,"Drama, Romance","Drama, Romance, Thriller",7.9,7.5,7562,200.0,1845.034188,659.33,100.025899,194,194,75,both
Avatar,2009,James Cameron,"Action, Adventure, Fantasy","Action, Adventure, Fantasy, Science Fiction",7.9,7.2,11800,237.0,2787.965087,760.51,150.437577,162,162,83,both
Puss in Boots: The Last Wish,2022,Joel Crawford,"Animation, Adventure, Comedy",,7.9,,,,,168.46,,102,,73,left_only
Fantastic Mr. Fox,2009,Wes Anderson,"Animation, Adventure, Comedy","Adventure, Animation, Comedy, Family",7.9,7.5,1176,40.0,46.471023,21.0,41.258956,87,87,83,both
Knives Out,2019,Rian Johnson,"Comedy, Crime, Drama",,7.9,,,,,165.36,,130,,82,left_only
Iron Man,2008,Jon Favreau,"Action, Adventure, Sci-Fi","Action, Adventure, Science Fiction",7.9,7.4,8776,140.0,585.174222,318.41,120.725053,126,126,79,both
Mulholland Drive,2001,David Lynch,"Drama, Mystery, Thriller","Drama, Mystery, Thriller",7.9,7.6,1477,15.0,20.117339,7.22,31.60985,147,147,86,both
Harry Potter and the Prisoner of Azkaban,2004,Alfonso Cuarón,"Adventure, Family, Fantasy","Adventure, Family, Fantasy",7.9,7.7,5877,130.0,789.804554,249.36,79.679601,142,141,82,both
Star Trek,2009,J.J. Abrams,"Action, Adventure, Sci-Fi","Action, Adventure, Science Fiction",7.9,7.4,4518,150.0,385.680446,257.73,73.616808,127,127,82,both
True Romance,1993,Tony Scott,"Crime, Drama, Romance","Action, Crime, Romance, Thriller",7.9,7.5,749,12.5,12.281551,12.28,35.268557,119,120,59,both
Boogie Nights,1997,Paul Thomas Anderson,Drama,Drama,7.9,7.5,796,15.0,43.101594,26.4,19.85579,155,155,85,both
Edward Scissorhands,1990,Tim Burton,"Drama, Fantasy, Romance","Drama, Fantasy, Romance",7.9,7.5,3601,20.0,53.0,56.36,47.51363,105,105,74,both
Edge of Tomorrow,2014,Doug Liman,"Action, Adventure, Sci-Fi","Action, Science Fiction",7.9,7.6,4858,178.0,370.541256,100.21,79.456485,113,113,71,both
The Perks of Being a Wallflower,2012,Stephen Chbosky,Drama,"Drama, Romance",7.9,7.7,2968,13.0,33.4,17.74,43.444135,103,102,67,both
X-Men: Days of Future Past,2014,Bryan Singer,"Action, Adventure, Sci-Fi","Action, Adventure, Fantasy, Science Fiction",7.9,7.5,6032,250.0,747.862775,233.92,118.078691,132,131,75,both
Shaun of the Dead,2004,Edgar Wright,"Comedy, Horror","Comedy, Horror",7.9,7.5,2420,4.0,30.039392,13.54,49.12486,99,99,76,both
Almost Famous,2000,Cameron Crowe,"Adventure, Comedy, Drama","Drama, Music",7.9,7.4,797,60.0,47.383689,32.53,21.547446,122,122,90,both
Jojo Rabbit,2019,Taika Waititi,"Comedy, Drama, War",,7.9,,,,,33.37,,108,,58,left_only
The Bourne Identity,2002,Doug Liman,"Action, Mystery, Thriller","Action, Drama, Mystery, Thriller",7.9,7.3,3583,60.0,214.034224,121.66,86.476817,119,119,68,both
Bohemian Rhapsody,2018,Bryan Singer,"Biography, Drama, Music",,7.9,,,,,216.43,,134,,49,left_only
Thor: Ragnarok,2017,Taika Waititi,"Action, Adventure, Comedy",,7.9,,,,,315.06,,130,,74,left_only
Charade,1963,Stanley Donen,"Comedy, Mystery, Romance",,7.9,,,,,13.47,,113,,83,left_only
E.T. the Extra-Terrestrial,1982,Steven Spielberg,"Adventure, Family, Sci-Fi","Adventure, Family, Fantasy, Science Fiction",7.9,7.3,3269,10.5,792.910554,435.11,56.105798,115,115,92,both
Shrek,2001,Andrew Adamson,"Animation, Adventure, Comedy","Adventure, Animation, Comedy, Family, Fantasy",7.9,7.3,4056,60.0,484.409218,267.67,67.298732,90,90,84,both
Life of Pi,2012,Ang Lee,"Adventure, Drama, Fantasy","Action, Adventure, Drama",7.9,7.2,5797,120.0,609.016565,124.99,51.328145,127,127,79,both
In Bruges,2008,Martin McDonagh,"Comedy, Crime, Drama","Comedy, Crime, Drama",7.9,7.4,1388,15.0,34.533783,7.76,25.329493,107,107,67,both
Children of Men,2006,Alfonso Cuarón,"Action, Drama, Sci-Fi","Action, Drama, Science Fiction, Thriller",7.9,7.4,2071,76.0,69.959751,35.55,35.387874,109,109,84,both
The Blues Brothers,1980,John Landis,"Action, Adventure, Comedy","Action, Comedy, Crime, Music",7.9,7.5,1065,27.0,115.22989,57.23,44.714264,133,133,60,both
Mystic River,2003,Clint Eastwood,"Crime, Drama, Mystery","Crime, Drama, Mystery, Thriller",7.9,7.6,1422,25.0,156.82202,90.14,31.242999,138,138,84,both
Dallas Buyers Club,2013,Jean-Marc Vallée,"Biography, Drama","Drama, History",7.9,7.9,2886,5.0,55.198285,27.3,59.454473,117,117,77,both
District 9,2009,Neill Blomkamp,"Action, Sci-Fi, Thriller",Science Fiction,7.9,7.3,3382,30.0,210.819611,115.65,63.13678,112,112,81,both
Marriage Story,2019,Noah Baumbach,"Drama, Romance",,7.9,,,,,2.0,,137,,94,left_only
All the President's Men,1976,Alan J. Pakula,"Drama, History, Thriller",,7.9,,,,,70.6,,138,,84,left_only
Toy Story 2,1999,John Lasseter,"Animation, Adventure, Comedy","Animation, Comedy, Family",7.9,7.3,3806,90.0,497.366869,245.85,73.575118,92,92,88,both
This Is Spinal Tap,1984,Rob Reiner,"Comedy, Music",,7.9,,,,,4.74,,82,,92,left_only
Carlito's Way,1993,Brian De Palma,"Crime, Drama, Thriller",,7.9,,,,,36.95,,144,,66,left_only
Bound by Honor,1993,Taylor Hackford,"Crime, Drama",,7.9,,,,,4.5,,180,,47,left_only
Brazil,1985,Terry Gilliam,"Drama, Sci-Fi",,7.9,,,,,9.93,,132,,84,left_only
Ghost in the Shell,1995,Mamoru Oshii,"Animation, Action, Crime",,7.9,,,,,0.52,,83,,76,left_only
The Nightmare Before Christmas,1993,Henry Selick,"Animation, Family, Fantasy",,7.9,,,,,75.08,,76,,82,left_only
Before Midnight,2013,Richard Linklater,"Drama, Romance","Drama, Romance",7.9,7.4,568,3.0,11.176469,8.11,23.299907,109,108,94,both
A Fistful of Dollars,1964,Sergio Leone,"Action, Drama, Western",Western,7.9,7.6,883,0.2,14.5,14.5,38.771062,99,99,65,both
Spartacus,1960,Stanley Kubrick,"Adventure, Biography, Drama",,7.9,,,,,30.0,,197,,87,left_only
The Wrestler,2008,Darren Aronofsky,"Drama, Sport, Thriller","Drama, Romance",7.9,7.3,1000,6.0,44.703995,26.24,40.196514,109,109,80,both
A Streetcar Named Desire,1951,Elia Kazan,Drama,Drama,7.9,7.6,281,1.8,8.0,8.0,14.884756,122,125,97,both
"Crouching Tiger, Hidden Dragon",2000,Ang Lee,"Action, Adventure, Drama","Action, Adventure, Drama, Romance",7.9,7.2,927,17.0,213.525736,128.08,45.742254,120,120,94,both
Let the Right One In,2008,Tomas Alfredson,"Drama, Fantasy, Horror",,7.9,,,,,2.12,,114,,82,left_only
The Wild Bunch,1969,Sam Peckinpah,"Action, Adventure, Drama","Adventure, Western",7.9,7.6,259,6.244087,0.638641,12.06,14.970654,135,145,98,both
In the Heat of the Night,1967,Norman Jewison,"Drama, Mystery, Thriller",,7.9,,,,,24.38,,110,,76,left_only
Doctor Zhivago,1965,David Lean,"Drama, Romance, War","Drama, Romance, War",7.9,7.4,247,11.0,111.858363,111.72,12.854853,197,197,69,both
The Raid 2,2014,Gareth Evans,"Action, Crime, Thriller",,7.9,,,,,2.63,,150,,71,left_only
Once Were Warriors,1994,Lee Tamahori,"Crime, Drama",,7.9,,,,,2.2,,102,,77,left_only
Sing Street,2016,John Carney,"Comedy, Drama, Music",,7.9,,,,,3.24,,106,,79,left_only
Notorious,1946,Alfred Hitchcock,"Drama, Film-Noir, Romance",,7.9,,,,,10.46,,102,,100,left_only
Hero,2002,Yimou Zhang,"Action, Adventure, Drama","Action, Adventure, Drama, History",7.9,7.2,635,31.0,177.394432,53.71,23.607392,120,99,85,both
King Kong,1933,Merian C. Cooper,"Adventure, Horror, Sci-Fi",,7.9,,,,,10.0,,100,,92,left_only
Shoplifters,2018,Kore-eda Hirokazu,"Crime, Drama, Thriller",,7.9,,,,,3.31,,121,,93,left_only
A Christmas Story,1983,Bob Clark,"Comedy, Family",,7.9,,,,,20.61,,93,,77,left_only
Dancer in the Dark,2000,Lars von Trier,"Crime, Drama, Musical","Crime, Drama, Music",7.9,7.6,377,12.8,40.031879,4.18,22.022228,140,140,63,both
Three Colors: Blue,1993,Krzysztof Kieslowski,"Drama, Music, Mystery",,7.9,,,,,1.32,,94,,87,left_only
Strangers on a Train,1951,Alfred Hitchcock,"Crime, Drama, Film-Noir",,7.9,,,,,7.63,,101,,88,left_only
Short Term 12,2013,Destin Daniel Cretton,Drama,,7.9,,,,,1.01,,96,,82,left_only
The Red Circle,1970,Jean-Pierre Melville,"Crime, Drama, Thriller",,7.9,,,,,0.37,,140,,92,left_only
Patton,1970,Franklin J. Schaffner,"Biography, Drama, War","Drama, History, War",7.9,7.3,323,12.0,89.8,61.7,21.933822,172,172,86,both
The Big Sleep,1946,Howard Hawks,"Crime, Film-Noir, Mystery",,7.9,,,,,6.54,,114,,86,left_only
About Elly,2009,Asghar Farhadi,"Drama, Mystery",,7.9,,,,,0.11,,119,,87,left_only
Cat on a Hot Tin Roof,1958,Richard Brooks,Drama,"Drama, Romance",7.9,7.6,165,3.0,17.570324,17.57,16.553594,108,108,84,both
The Conformist,1970,Bernardo Bertolucci,Drama,,7.9,,,,,0.54,,113,,100,left_only
Amour,2012,Michael Haneke,Drama,"Drama, Romance",7.9,7.5,400,8.9,19.839492,6.74,17.151293,127,127,95,both
Talk to Her,2002,Pedro Almodóvar,"Drama, Mystery, Romance",,7.9,,,,,9.36,,112,,86,left_only
Kal Ho Naa Ho,2003,Nikkhil Advani,"Comedy, Drama, Musical",,7.9,,,,,1.79,,186,,54,left_only
The Adventures of Robin Hood,1938,Michael Curtiz,"Action, Adventure, Romance",,7.9,,,,,3.98,,102,,97,left_only
My Name Is Khan,2010,Karan Johar,"Adventure, Drama, Romance","Drama, Romance",7.9,7.7,232,12.0,42.34536,4.02,14.719886,165,145,50,both
A Taxi Driver,2017,Hun Jang,"Action, Drama, History",,7.9,,,,,1.53,,137,,69,left_only
3-Iron,2004,Kim Ki-duk,"Crime, Drama, Romance",,7.9,,,,,0.24,,88,,72,left_only
The Way He Looks,2014,Daniel Ribeiro,"Drama, Romance",,7.9,,,,,0.1,,96,,71,left_only
Gully Boy,2019,Zoya Akhtar,"Drama, Music, Romance",,7.9,,,,,5.57,,154,,65,left_only
Miracle on 34th Street,1947,George Seaton,"Comedy, Drama, Family",,7.9,,,,,2.65,,96,,88,left_only
Nine Queens,2000,Fabián Bielinsky,"Crime, Drama, Thriller",,7.9,,,,,1.22,,114,,80,left_only
Elevator to the Gallows,1958,Louis Malle,"Crime, Drama, Thriller",,7.9,,,,,0.11,,91,,94,left_only
"4 Months, 3 Weeks and 2 Days",2007,Cristian Mungiu,Drama,Drama,7.9,7.3,156,0.85251,1.185783,1.19,9.270133,113,113,97,both
Battleship Potemkin,1925,Sergei Eisenstein,"Drama, History, Thriller",,7.9,,,,,0.05,,66,,97,left_only
The Return,2003,Andrey Zvyagintsev,Drama,,7.9,,,,,0.5,,110,,82,left_only
Beauty and the Beast,1946,Jean Cocteau,"Drama, Fantasy, Romance",,7.9,,,,,0.3,,93,,92,left_only
The Batman,2022,Matt Reeves,"Action, Crime, Drama",,7.8,,,,,369.35,,176,,72,left_only
Everything Everywhere All at Once,2022,Daniel Kwan,"Action, Adventure, Comedy",,7.8,,,,,72.86,,139,,81,left_only
Tombstone,1993,George P. Cosmatos,"Biography, Drama, History","Action, Adventure, Drama, History, Western",7.8,7.4,626,25.0,56.505065,56.51,30.537845,130,130,50,both
Little Miss Sunshine,2006,Jonathan Dayton,"Comedy, Drama","Comedy, Drama",7.8,7.5,1686,8.0,100.523181,59.89,14.793177,101,102,80,both
Dunkirk,2017,Christopher Nolan,"Action, Drama, History",,7.8,,,,,188.37,,106,,94,left_only
A Bronx Tale,1993,Robert De Niro,"Crime, Drama",,7.8,,,,,17.27,,121,,80,left_only
Moonrise Kingdom,2012,Wes Anderson,"Comedy, Drama, Family","Comedy, Drama, Romance",7.8,7.6,1662,16.0,68.263166,45.51,41.083914,94,94,84,both
The Breakfast Club,1985,John Hughes,"Comedy, Drama",,7.8,,,,,45.88,,97,,66,left_only
The Gentlemen,2019,Guy Ritchie,"Action, Comedy, Crime",,7.8,,,,,36.47,,113,,51,left_only
The Notebook,2004,Nick Cassavetes,"Drama, Romance","Drama, Romance",7.8,7.7,3067,29.0,115.603229,81.0,55.109138,123,123,53,both
Pride & Prejudice,2005,Joe Wright,"Drama, Romance","Drama, Romance",7.8,7.7,1358,28.0,121.147947,38.41,36.58383,129,135,82,both
The Big Short,2015,Adam McKay,"Biography, Comedy, Drama","Comedy, Drama",7.8,7.3,2607,28.0,133.346506,70.26,57.518472,130,130,81,both
Hot Fuzz,2007,Edgar Wright,"Action, Comedy, Mystery","Action, Comedy, Crime",7.8,7.4,2199,12.0,80.573774,23.64,38.623178,121,121,81,both
Call Me by Your Name,2017,Luca Guadagnino,"Drama, Romance",,7.8,,,,,18.1,,132,,94,left_only
RRR,2022,S.S. Rajamouli,"Action, Drama",,7.8,,,,,14.5,,187,,83,left_only
The Hateful Eight,2015,Quentin Tarantino,"Crime, Drama, Mystery","Crime, Drama, Mystery, Western",7.8,7.6,4274,44.0,155.760117,54.12,68.717016,168,167,68,both
Ghostbusters,1984,Ivan Reitman,"Action, Comedy, Fantasy",,7.8,,,,,238.63,,105,,71,left_only
The Irishman,2019,Martin Scorsese,"Biography, Crime, Drama",,7.8,,,,,7.0,,209,,94,left_only
Little Women,2019,Greta Gerwig,"Drama, Romance",,7.8,,,,,108.1,,135,,91,left_only
The Girl with the Dragon Tattoo,2011,David Fincher,"Crime, Drama, Mystery","Crime, Drama, Mystery, Thriller",7.8,7.2,2434,90.0,232.61743,102.52,47.651083,158,158,71,both
The Sandlot,1993,David Mickey Evans,"Comedy, Drama, Family",,7.8,,,,,32.42,,101,,55,left_only
Predator,1987,John McTiernan,"Action, Adventure, Horror","Action, Adventure, Science Fiction, Thriller",7.8,7.3,2093,18.0,98.235548,59.74,50.009408,107,107,47,both
The Social Network,2010,David Fincher,"Biography, Drama",Drama,7.8,7.1,3391,40.0,224.920315,96.96,69.27822,120,120,95,both
Isle of Dogs,2018,Wes Anderson,"Animation, Adventure, Comedy",,7.8,,,,,32.02,,101,,82,left_only
Remember the Titans,2000,Boaz Yakin,"Biography, Drama, Sport",Drama,7.8,7.4,821,30.0,136.706683,115.65,25.996219,113,113,48,both
Ferris Bueller's Day Off,1986,John Hughes,Comedy,,7.8,,,,,70.14,,103,,61,left_only
The Hobbit: An Unexpected Journey,2012,Peter Jackson,"Adventure, Fantasy","Action, Adventure, Fantasy",7.8,7.0,8297,250.0,1021.103568,303.0,108.849621,169,169,58,both
Rogue One: A Star Wars Story,2016,Gareth Edwards,"Action, Adventure, Sci-Fi",,7.8,,,,,532.18,,133,,65,left_only
Star Wars: Episode VII - The Force Awakens,2015,J.J. Abrams,"Action, Adventure, Sci-Fi",,7.8,,,,,936.66,,138,,80,left_only
Apocalypto,2006,Mel Gibson,"Action, Adventure, Drama","Action, Adventure, Drama, Thriller",7.8,7.3,1221,40.0,120.17529,50.87,41.570047,139,139,68,both
Nightcrawler,2014,Dan Gilroy,"Crime, Drama, Thriller","Crime, Drama, Thriller",7.8,7.6,3395,8.5,38.697217,32.38,89.095538,117,117,76,both
The Fugitive,1993,Andrew Davis,"Action, Crime, Drama","Action, Adventure, Crime, Mystery, Thriller",7.8,7.2,1220,44.0,368.87576,183.88,54.884297,130,130,87,both
Hidden Figures,2016,Theodore Melfi,"Biography, Drama, History",,7.8,,,,,169.61,,127,,74,left_only
American Gangster,2007,Ridley Scott,"Biography, Crime, Drama","Crime, Drama",7.8,7.4,1502,100.0,266.465037,130.16,42.361215,157,157,76,both
Atonement,2007,Joe Wright,"Drama, Mystery, Romance","Drama, Romance",7.8,7.4,1049,30.0,129.266061,50.93,33.369305,123,123,85,both
The Killing Fields,1984,Roland Joffé,"Biography, Drama, History",,7.8,,,,,34.7,,141,,76,left_only
The Curious Case of Benjamin Button,2008,David Fincher,"Drama, Fantasy, Romance","Drama, Fantasy, Mystery, Romance, Thriller",7.8,7.3,3292,150.0,333.932083,127.51,60.269279,166,166,70,both
Captain America: Civil War,2016,Anthony Russo,"Action, Sci-Fi","Action, Adventure, Science Fiction",7.8,7.1,7241,250.0,1153.304495,408.08,198.372395,147,147,75,both
The Untouchables,1987,Brian De Palma,"Crime, Drama, Thriller","Crime, Drama, History, Thriller",7.8,7.6,1384,25.0,76.270454,76.27,38.272889,119,119,79,both
Cast Away,2000,Robert Zemeckis,"Adventure, Drama, Romance","Adventure, Drama",7.8,7.5,3218,90.0,429.632142,233.63,57.739713,143,143,73,both
Back to the Future Part II,1989,Robert Zemeckis,"Adventure, Comedy, Sci-Fi","Adventure, Comedy, Family, Science Fiction",7.8,7.4,3829,40.0,332.0,118.5,43.345252,108,108,57,both
Willy Wonka & the Chocolate Factory,1971,Mel Stuart,"Family, Fantasy, Musical","Family, Fantasy",7.8,7.4,798,3.0,4.0,4.0,23.981601,100,100,67,both
The Outlaw Josey Wales,1976,Clint Eastwood,Western,,7.8,,,,,31.8,,135,,69,left_only
Captain America: The Winter Soldier,2014,Anthony Russo,"Action, Adventure, Sci-Fi","Action, Adventure, Science Fiction",7.8,7.6,5764,170.0,714.766572,259.77,72.225265,136,136,70,both
Skyfall,2012,Sam Mendes,"Action, Adventure, Thriller","Action, Adventure, Thriller",7.8,6.9,7604,200.0,1108.561013,304.36,93.004993,143,143,81,both
Captain Phillips,2013,Paul Greengrass,"Action, Biography, Crime","Action, Drama, Thriller",7.8,7.6,2454,55.0,95.0,107.1,52.786917,134,134,82,both
Manchester by the Sea,2016,Kenneth Lonergan,Drama,,7.8,,,,,47.7,,137,,96,left_only
Captain Fantastic,2016,Matt Ross,"Comedy, Drama",,7.8,,,,,5.88,,118,,72,left_only
The Hobbit: The Desolation of Smaug,2013,Peter Jackson,Fantasy,"Adventure, Fantasy",7.8,7.6,4524,250.0,958.4,258.37,94.370564,161,161,66,both
Gattaca,1997,Andrew Niccol,"Drama, Sci-Fi, Thriller","Mystery, Romance, Science Fiction, Thriller",7.8,7.5,1808,36.0,12.532777,12.34,70.398356,106,106,64,both
Misery,1990,Rob Reiner,"Drama, Thriller",,7.8,,,,,61.28,,107,,75,left_only
The Last Samurai,2003,Edward Zwick,"Action, Drama","Action, Drama, History, War",7.8,7.3,1895,140.0,456.758981,111.11,52.341226,154,154,55,both
Big Hero 6,2014,Don Hall,"Animation, Action, Adventure","Action, Adventure, Animation, Comedy, Family",7.8,7.8,6135,165.0,652.105443,222.53,203.73459,102,102,74,both
Midnight Cowboy,1969,John Schlesinger,Drama,Drama,7.8,7.4,299,3.6,44.785053,44.79,21.119209,113,113,79,both
Boyz n the Hood,1991,John Singleton,"Crime, Drama","Crime, Drama",7.8,7.4,364,6.5,57.504069,57.5,17.705671,112,112,76,both
I Saw the Devil,2010,Jee-woon Kim,"Action, Crime, Thriller",,7.8,,,,,0.13,,144,,67,left_only
Mary Poppins,1964,Robert Stevenson,"Comedy, Family, Fantasy","Comedy, Family, Fantasy",7.8,7.4,1183,6.0,102.272727,102.27,59.961523,139,139,88,both
Walk the Line,2005,James Mangold,"Biography, Drama, Music","Drama, Music, Romance",7.8,7.3,718,28.0,186.438883,119.52,35.580032,136,136,72,both
Straight Outta Compton,2015,F. Gary Gray,"Biography, Drama, History","Drama, Music",7.8,7.7,1355,28.0,201.634991,161.2,61.76233,147,147,72,both
The Conversation,1974,Francis Ford Coppola,"Drama, Mystery, Thriller","Crime, Drama, Mystery",7.8,7.5,372,1.6,4.42,4.42,20.810292,113,113,87,both
Glory,1989,Edward Zwick,"Biography, Drama, History",War,7.8,7.4,383,18.0,26.828365,26.83,16.102271,122,122,78,both
Awakenings,1990,Penny Marshall,"Biography, Drama",,7.8,,,,,52.1,,121,,74,left_only
Serenity,2005,Joss Whedon,"Action, Adventure, Sci-Fi","Action, Adventure, Science Fiction, Thriller",7.8,7.4,1264,39.0,38.869464,25.51,45.388937,119,119,74,both
Moon,2009,Duncan Jones,"Drama, Mystery, Sci-Fi","Drama, Science Fiction",7.8,7.6,1794,5.0,9.760104,5.01,46.114184,97,97,67,both
The Holy Mountain,1973,Alejandro Jodorowsky,"Adventure, Drama, Fantasy",,7.8,,,,,0.06,,114,,76,left_only
The Right Stuff,1983,Philip Kaufman,"Adventure, Biography, Drama","Drama, History",7.8,7.3,235,27.0,21.5,21.5,17.567332,193,193,91,both
Mississippi Burning,1988,Alan Parker,"Crime, Drama, Mystery",,7.8,,,,,34.6,,128,,65,left_only
The King of Comedy,1982,Martin Scorsese,"Comedy, Crime, Drama",,7.8,,,,,2.5,,109,,73,left_only
Paddington 2,2017,Paul King,"Adventure, Comedy, Family",,7.8,,,,,40.44,,103,,88,left_only
The Girl with the Dragon Tattoo,2009,Niels Arden Oplev,"Crime, Drama, Mystery",,7.8,,,,,10.1,,152,,76,left_only
How to Train Your Dragon 2,2014,Dean DeBlois,"Animation, Action, Adventure","Action, Adventure, Animation, Comedy, Family, Fantasy",7.8,7.6,3106,145.0,609.123048,177.0,100.21391,102,102,77,both
The Remains of the Day,1993,James Ivory,"Drama, Romance","Drama, Romance",7.8,7.5,202,11.5,23.237911,22.95,15.355589,134,134,86,both
Hunt for the Wilderpeople,2016,Taika Waititi,"Adventure, Comedy, Drama",,7.8,,,,,5.2,,101,,81,left_only
The Insider,1999,Michael Mann,"Biography, Drama, Thriller","Drama, Thriller",7.8,7.3,481,90.0,60.289912,28.97,26.153669,157,157,84,both
Changeling,2008,Clint Eastwood,"Biography, Crime, Drama","Crime, Drama, Mystery",7.8,7.3,1131,55.0,113.020255,35.74,27.50916,141,141,63,both
Ed Wood,1994,Tim Burton,"Biography, Comedy, Drama","Comedy, Drama, History",7.8,7.3,630,18.0,5.887457,5.89,24.548633,127,127,70,both
Night of the Living Dead,1968,George A. Romero,"Horror, Thriller",Horror,7.8,7.5,580,0.114,30.0,0.09,25.666029,96,96,89,both
The Best Offer,2013,Giuseppe Tornatore,"Crime, Drama, Mystery","Crime, Drama, Mystery, Romance",7.8,7.7,704,13.5,19.255873,0.09,30.058263,131,124,49,both
Dawn of the Dead,1978,George A. Romero,"Horror, Thriller",,7.8,,,,,5.1,,127,,71,left_only
My Fair Lady,1964,George Cukor,"Drama, Family, Musical","Drama, Family, Music, Romance",7.8,7.4,352,17.0,72.070731,72.0,20.786616,170,170,95,both
Kramer vs. Kramer,1979,Robert Benton,Drama,,7.8,,,,,106.26,,105,,77,left_only
My Left Foot,1989,Jim Sheridan,"Biography, Drama",,7.8,,,,,14.74,,103,,97,left_only
The Day of the Jackal,1973,Fred Zinnemann,"Crime, Drama, Thriller",,7.8,,,,,16.06,,143,,80,left_only
Cabaret,1972,Bob Fosse,"Drama, Music, Musical",,7.8,,,,,42.77,,124,,80,left_only
October Sky,1999,Joe Johnston,"Biography, Drama, Family",,7.8,,,,,32.48,,108,,71,left_only
Guess Who's Coming to Dinner,1967,Stanley Kramer,"Comedy, Drama",,7.8,,,,,56.7,,108,,63,left_only
Freaks,1932,Tod Browning,"Drama, Horror",,7.8,,,,,0.63,,64,,80,left_only
All About My Mother,1999,Pedro Almodóvar,"Comedy, Drama, Romance",,7.8,,,,,8.26,,101,,87,left_only
All That Jazz,1979,Bob Fosse,"Drama, Music, Musical",,7.8,,,,,37.82,,123,,72,left_only
Letters from Iwo Jima,2006,Clint Eastwood,"Action, Adventure, Drama","Action, Adventure, Drama, War",7.8,7.2,541,19.0,68.673228,13.76,24.47248,141,141,89,both
Lilya 4-Ever,2002,Lukas Moodysson,"Crime, Drama",,7.8,,,,,0.18,,109,,83,left_only
Manhattan,1979,Woody Allen,"Comedy, Drama, Romance",,7.8,,,,,45.7,,96,,83,left_only
Breaking the Waves,1996,Lars von Trier,Drama,,7.8,,,,,4.04,,159,,81,left_only
Loving Vincent,2017,DK Welchman,"Animation, Drama, Mystery",,7.8,,,,,6.74,,94,,62,left_only
The World's Fastest Indian,2005,Roger Donaldson,"Biography, Drama, Sport",,7.8,,,,,5.13,,127,,68,left_only
The Lunchbox,2013,Ritesh Batra,"Drama, Romance","Drama, Romance",7.8,7.3,221,1.0,4.235151,4.23,14.017809,104,104,76,both
Land of Mine,2015,Martin Zandvliet,"Drama, History, War",,7.8,,,,,0.44,,100,,75,left_only
Batman: Mask of the Phantasm,1993,Eric Radomski,"Animation, Action, Adventure",,7.8,,,,,5.62,,76,,65,left_only
Hannah and Her Sisters,1986,Woody Allen,"Comedy, Drama",,7.8,,,,,40.08,,107,,90,left_only
The White Ribbon,2009,Michael Haneke,"Drama, Mystery, Thriller",,7.8,,,,,2.22,,144,,84,left_only
A Prophet,2009,Jacques Audiard,"Crime, Drama",,7.8,,,,,2.08,,155,,90,left_only
The Bride of Frankenstein,1935,James Whale,"Drama, Horror, Sci-Fi",,7.8,,,,,4.36,,75,,95,left_only
The Umbrellas of Cherbourg,1964,Jacques Demy,"Drama, Musical, Romance",,7.8,,,,,0.03,,91,,86,left_only
"I, Daniel Blake",2016,Ken Loach,Drama,,7.8,,,,,0.26,,100,,78,left_only
The Innocents,1961,Jack Clayton,Horror,,7.8,,,,,2.62,,100,,88,left_only
The Postman,1994,Michael Radford,"Biography, Comedy, Drama",,7.8,,,,,21.85,,108,,81,left_only
Cowboy Bebop: The Movie,2001,Shin'ichirô Watanabe,"Animation, Action, Crime",,7.8,,,,,1.0,,115,,61,left_only
The Chorus,2004,Christophe Barratier,"Comedy, Drama, Music",,7.8,,,,,3.64,,97,,56,left_only
Tokyo Godfathers,2003,Satoshi Kon,"Animation, Adventure, Comedy",,7.8,,,,,0.13,,92,,74,left_only
Crimes and Misdemeanors,1989,Woody Allen,"Comedy, Drama",,7.8,,,,,18.25,,104,,77,left_only
Once Upon a Time in Anatolia,2011,Nuri Bilge Ceylan,"Crime, Drama, Thriller",,7.8,,,,,0.14,,157,,82,left_only
Veer Zaara,2004,Yash Chopra,"Drama, Family, Musical",,7.8,7.4,64,7.0,29.38532,2.92,3.721858,192,192,67,fuzzy
The Discreet Charm of the Bourgeoisie,1972,Luis Buñuel,Comedy,,7.8,,,,,0.2,,102,,93,left_only
"Like Father, Like Son",2013,Kore-eda Hirokazu,Drama,,7.8,,,,,0.28,,121,,73,left_only
Millennium Actress,2001,Satoshi Kon,"Animation, Drama, Fantasy",,7.8,,,,,0.19,,87,,70,left_only
My Life as a Zucchini,2016,Claude Barras,"Animation, Comedy, Drama",,7.8,,,,,0.29,,70,,85,left_only
Mission: Impossible - Fallout,2018,Christopher McQuarrie,"Action, Adventure, Thriller",,7.7,,,,,220.16,,147,,86,left_only
The Goonies,1985,Richard Donner,"Adventure, Comedy, Family",,7.7,,,,,61.5,,114,,62,left_only
Kingsman: The Secret Service,2014,Matthew Vaughn,"Action, Adventure, Comedy",,7.7,,,,,128.26,,129,,60,left_only
Harry Potter and the Goblet of Fire,2005,Mike Newell,"Adventure, Family, Fantasy","Adventure, Family, Fantasy",7.7,7.5,5608,150.0,895.921036,290.01,101.250416,157,157,81,both
The Hangover,2009,Todd Phillips,Comedy,Comedy,7.7,7.2,6173,35.0,459.270619,277.32,82.21166,100,100,73,both
Ocean's Eleven,2001,Steven Soderbergh,"Crime, Thriller","Crime, Thriller",7.7,7.2,3783,85.0,450.71715,183.42,60.929352,116,116,74,both
Silver Linings Playbook,2012,David O. Russell,"Comedy, Drama, Romance","Comedy, Drama, Romance",7.7,6.9,4742,21.0,205.738714,132.09,63.599973,122,122,81,both
Zodiac,2007,David Fincher,"Crime, Drama, Mystery","Crime, Drama, Mystery, Thriller",7.7,7.3,2023,65.0,84.785914,33.08,51.970905,157,157,79,both
Black Hawk Down,2001,Ridley Scott,"Action, Drama, History","Action, History, War",7.7,7.2,1811,92.0,172.989651,108.64,44.455166,144,144,74,both
Argo,2012,Ben Affleck,"Biography, Drama, Thriller","Drama, Thriller",7.7,7.1,3423,44.5,232.324128,136.03,62.01056,120,120,86,both
A Few Good Men,1992,Rob Reiner,"Drama, Thriller",Drama,7.7,7.1,877,40.0,243.240178,141.34,40.379966,138,138,62,both
Blue Is the Warmest Colour,2013,Abdellatif Kechiche,"Drama, Romance",,7.7,,,,,2.2,,180,,90,left_only
Blazing Saddles,1974,Mel Brooks,"Comedy, Western","Comedy, Western",7.7,7.2,609,2.6,119.5,119.5,22.793929,93,93,73,both
Lost in Translation,2003,Sofia Coppola,"Comedy, Drama",Drama,7.7,7.3,1895,4.0,119.723856,44.59,45.66662,102,102,91,both
Evil Dead II,1987,Sam Raimi,"Comedy, Horror","Comedy, Fantasy, Horror",7.7,7.6,742,3.6,5.923044,5.92,35.674774,84,84,72,both
Harry Potter and the Deathly Hallows: Part 1,2010,David Yates,"Adventure, Family, Fantasy",,7.7,,,,,295.98,,146,,65,left_only
Brokeback Mountain,2005,Ang Lee,"Drama, Romance","Drama, Romance",7.7,7.5,1480,14.0,178.043761,83.04,44.135568,134,134,87,both
The Last of the Mohicans,1992,Michael Mann,"Action, Adventure, Drama","Action, Adventure, Drama, History, Romance, War",7.7,7.1,732,40.0,75.505856,75.51,37.776566,112,112,76,both
Primal Fear,1996,Gregory Hoblit,"Crime, Drama, Mystery",,7.7,,,,,56.12,,129,,47,left_only
Wind River,2017,Taylor Sheridan,"Crime, Drama, Mystery",,7.7,,,,,33.8,,107,,73,left_only
X-Men: First Class,2011,Matthew Vaughn,"Action, Sci-Fi","Action, Adventure, Science Fiction",7.7,7.1,5181,160.0,353.624124,146.41,3.195174,131,132,65,both
Ex Machina,2014,Alex Garland,"Drama, Sci-Fi, Thriller",,7.7,,,,,25.44,,108,,78,left_only
500 Days of Summer,2009,Marc Webb,"Comedy, Drama, Romance",,7.7,7.2,2904,7.5,60.722734,32.39,45.610993,95,95,76,fuzzy
3:10 to Yuma,2007,James Mangold,"Action, Crime, Drama",Western,7.7,6.9,1188,55.0,70.01622,53.61,48.801089,122,122,76,both
Airplane!,1980,Jim Abrahams,Comedy,Comedy,7.7,7.1,1074,3.5,83.453539,83.4,46.116885,88,88,78,both
And Your Mother Too,2001,Alfonso Cuarón,Drama,,7.7,,,,,13.62,,106,,89,left_only
Home Alone,1990,Chris Columbus,"Comedy, Family","Comedy, Family",7.7,7.1,2414,18.0,476.684675,285.76,2.186927,103,103,63,both
Training Day,2001,Antoine Fuqua,"Action, Crime, Drama","Action, Crime, Drama, Thriller",7.7,7.3,1634,45.0,104.876233,76.63,52.081131,122,122,69,both
Blue Velvet,1986,David Lynch,"Crime, Drama, Mystery",,7.7,,,,,8.55,,120,,76,left_only
Who Framed Roger Rabbit,1988,Robert Zemeckis,"Animation, Adventure, Comedy",,7.7,,,,,156.45,,104,,83,left_only
Coraline,2009,Henry Selick,"Animation, Drama, Family","Animation, Family",7.7,7.3,1386,60.0,124.596398,75.29,51.146047,100,100,80,both
Glengarry Glen Ross,1992,James Foley,"Crime, Drama, Mystery","Crime, Drama, Mystery",7.7,7.5,323,12.5,10.725228,10.73,13.939054,100,100,82,both
Wait Until Dark,1967,Terence Young,Thriller,,7.7,,,,,17.55,,108,,81,left_only
The Game,1997,David Fincher,"Drama, Mystery, Thriller","Drama, Mystery, Thriller",7.7,7.5,1506,50.0,109.423648,48.32,62.925175,129,129,63,both
The Count of Monte Cristo,2002,Kevin Reynolds,"Action, Adventure, Drama","Action, Adventure, Drama, Thriller",7.7,7.3,453,35.0,75.395048,54.23,26.595983,131,131,61,both
The Lego Movie,2014,Phil Lord,"Animation, Action, Adventure","Adventure, Animation, Comedy, Family, Fantasy",7.7,7.5,3070,60.0,469.160692,257.76,59.547928,100,100,83,both
Philadelphia,1993,Jonathan Demme,Drama,Drama,7.7,7.6,988,26.0,206.67844,77.32,44.301745,125,125,66,both
Tangled,2010,Nathan Greno,"Animation, Adventure, Comedy","Animation, Family",7.7,7.4,3330,260.0,591.794936,200.82,48.681969,100,100,71,both
Man on Fire,2004,Tony Scott,"Action, Crime, Drama","Action, Crime, Drama, Thriller",7.7,7.3,1553,70.0,130.293714,77.91,45.299089,146,146,47,both
Birdman or (The Unexpected Virtue of Ignorance),2014,Alejandro G. Iñárritu,"Comedy, Drama",,7.7,,,,,42.34,,119,,87,left_only
Deliverance,1972,John Boorman,"Adventure, Drama, Thriller",,7.7,,,,,7.06,,109,,80,left_only
First Blood,1982,Ted Kotcheff,"Action, Adventure, Thriller","Action, Adventure, Thriller, War",7.7,7.2,1488,15.0,125.212904,47.21,63.071046,93,93,61,both
Sense and Sensibility,1995,Ang Lee,"Drama, Romance","Drama, Romance",7.7,7.2,352,16.5,135.0,43.18,20.898711,136,136,84,both
Star Trek II: The Wrath of Khan,1982,Nicholas Meyer,"Action, Adventure, Sci-Fi","Action, Adventure, Science Fiction, Thriller",7.7,7.3,675,12.0,96.8,78.91,22.434102,113,113,68,both
The Fault in Our Stars,2014,Josh Boone,"Drama, Romance","Drama, Romance",7.7,7.6,3759,12.0,307.166834,124.87,74.358971,126,125,69,both
The Bourne Supremacy,2004,Paul Greengrass,"Action, Mystery, Thriller","Action, Drama, Thriller",7.7,7.2,2825,75.0,288.500217,176.24,53.213931,108,108,73,both
Wreck-It Ralph,2012,Rich Moore,"Animation, Adventure, Comedy","Adventure, Animation, Comedy, Family",7.7,7.1,4570,165.0,471.222889,189.42,62.341073,101,108,72,both
Midnight in Paris,2011,Woody Allen,"Comedy, Fantasy, Romance","Comedy, Fantasy, Romance",7.7,7.4,1990,30.0,151.119219,56.82,43.753585,94,94,81,both
Toy Story 4,2019,Josh Cooley,"Animation, Adventure, Comedy",,7.7,,,,,434.04,,100,,84,left_only
Halloween,1978,John Carpenter,"Horror, Thriller","Horror, Thriller",7.7,7.4,1035,0.3,70.0,47.0,30.301307,91,91,87,both
The Machinist,2004,Brad Anderson,"Drama, Thriller","Drama, Thriller",7.7,7.3,1247,5.0,8.203235,1.08,35.252056,101,101,61,both
"O Brother, Where Art Thou?",2000,Joel Coen,"Adventure, Comedy, Crime","Action, Adventure, Comedy",7.7,7.3,1112,26.0,71.868327,45.51,39.742009,107,106,69,both
What's Eating Gilbert Grape,1993,Lasse Hallström,Drama,"Drama, Romance",7.7,7.5,919,11.0,30.0,9.17,33.282794,118,118,73,both
The Magnificent Seven,1960,John Sturges,"Action, Adventure, Drama",,7.7,,,,,4.91,,128,,74,left_only
The French Connection,1971,William Friedkin,"Action, Crime, Drama","Action, Crime, Thriller",7.7,7.4,422,1.8,41.158757,15.63,15.978136,104,104,94,both
Gravity,2013,Alfonso Cuarón,"Drama, Sci-Fi, Thriller","Drama, Science Fiction, Thriller",7.7,7.3,5751,105.0,716.392705,274.09,110.153618,91,91,96,both
Donnie Brasco,1997,Mike Newell,"Biography, Crime, Drama","Crime, Drama, Thriller",7.7,7.4,1147,35.0,41.954997,41.91,40.370442,127,127,76,both
As Good as It Gets,1997,James L. Brooks,"Comedy, Drama, Romance","Comedy, Romance",7.7,7.2,915,50.0,314.178011,148.48,37.885022,139,139,67,both
Road to Perdition,2002,Sam Mendes,"Crime, Drama, Thriller","Crime, Drama, Thriller",7.7,7.3,1077,80.0,181.001478,104.45,49.078546,117,117,72,both
The Boondock Saints,1999,Troy Duffy,"Action, Thriller","Action, Crime, Thriller",7.7,7.2,837,6.0,0.030471,0.03,34.917447,108,108,44,both
Naked,1993,Mike Leigh,"Comedy, Drama",,7.7,,,,,1.77,,131,,85,left_only
Empire of the Sun,1987,Steven Spielberg,"Drama, War",,7.7,,,,,22.24,,153,,62,left_only
The Color Purple,1985,Steven Spielberg,Drama,Drama,7.7,7.7,338,15.0,146.292009,98.47,17.571533,154,154,78,both
When Harry Met Sally...,1989,Rob Reiner,"Comedy, Drama, Romance","Comedy, Drama, Romance",7.7,7.3,950,16.0,92.823546,92.82,18.430419,95,96,76,both
The Boy in the Striped Pajamas,2008,Mark Herman,"Drama, War",,7.7,7.7,1451,12.5,20.416563,9.03,34.821223,94,94,55,fuzzy
A Man Called Ove,2015,Hannes Holm,"Comedy, Drama, Romance",,7.7,,,,,3.48,,116,,70,left_only
Star Trek Into Darkness,2013,J.J. Abrams,"Action, Adventure, Sci-Fi","Action, Adventure, Science Fiction",7.7,7.4,4418,190.0,467.365246,228.78,78.291018,132,132,72,both
Fried Green Tomatoes,1991,Jon Avnet,Drama,,7.7,,,,,82.42,,130,,64,left_only
Kung Fu Hustle,2004,Stephen Chow,"Action, Comedy, Fantasy","Action, Comedy, Crime, Fantasy",7.7,7.2,831,20.0,100.914445,17.11,13.658985,99,99,78,both
Dirty Harry,1971,Don Siegel,"Action, Crime, Thriller",,7.7,,,,,35.9,,102,,87,left_only
Serpico,1973,Sidney Lumet,"Biography, Crime, Drama",,7.7,,,,,29.8,,130,,81,left_only
Detachment,2011,Tony Kaye,Drama,,7.7,,,,,0.07,,98,,52,left_only
Happiness,1998,Todd Solondz,"Comedy, Drama","Comedy, Drama",7.7,7.4,194,3.0,2.80739,2.81,10.757539,134,139,81,both
Being John Malkovich,1999,Spike Jonze,"Comedy, Drama, Fantasy","Comedy, Drama, Fantasy",7.7,7.3,1101,13.0,22.863596,22.86,27.546914,113,112,90,both
The Theory of Everything,2014,James Marsh,"Biography, Drama, Romance","Drama, Romance",7.7,7.8,3311,15.0,123.726688,35.89,61.182331,123,123,71,both
The Dirty Dozen,1967,Robert Aldrich,"Action, Adventure, War",,7.7,,,,,45.3,,150,,73,left_only
Lucky Number Slevin,2006,Paul McGuigan,"Crime, Drama, Thriller","Crime, Drama, Mystery, Thriller",7.7,7.4,1323,27.0,56.308881,22.49,36.921445,110,110,53,both
Adaptation.,2002,Spike Jonze,"Comedy, Drama","Comedy, Crime, Drama",7.7,7.3,638,19.0,32.801173,22.25,26.441669,115,114,83,both
Clerks,1994,Kevin Smith,Comedy,Comedy,7.7,7.4,755,0.027,3.15113,3.15,19.748658,92,92,70,both
The Longest Day,1962,Ken Annakin,"Action, Drama, History","Action, Drama, History, War",7.7,7.2,234,10.0,50.1,39.1,19.524972,178,178,75,both
This Is England,2006,Shane Meadows,"Crime, Drama","Crime, Drama",7.7,7.4,363,2.38,8.176544,0.33,8.395624,101,101,86,both
The Name of the Rose,1986,Jean-Jacques Annaud,"Drama, Mystery, Thriller",,7.7,,,,,7.15,,130,,54,left_only
Goldfinger,1964,Guy Hamilton,"Action, Adventure, Thriller","Action, Adventure, Thriller",7.7,7.2,987,2.5,124.881062,51.08,47.812466,110,110,87,both
Ordinary People,1980,Robert Redford,Drama,,7.7,,,,,54.8,,124,,86,left_only
"South Park: Bigger, Longer & Uncut",1999,Trey Parker,"Animation, Comedy, Fantasy",,7.7,,,,,52.04,,81,,73,left_only
The Verdict,1982,Sidney Lumet,Drama,Drama,7.7,7.4,131,16.0,53.97725,54.0,7.980632,129,129,77,both
The Great Beauty,2013,Paolo Sorrentino,Drama,"Comedy, Drama",7.7,7.3,720,12.4,8.371085,2.85,32.523573,141,142,86,both
Malcolm X,1992,Spike Lee,"Biography, Drama, History","Drama, History",7.7,7.2,370,34.0,48.169908,48.17,19.822791,202,202,73,both
Billy Elliot,2000,Stephen Daldry,"Drama, Music","Comedy, Drama, Music",7.7,7.4,750,5.0,110.0,22.0,20.428237,110,110,74,both
Miller's Crossing,1990,Joel Coen,"Crime, Drama, Thriller",,7.7,,,,,5.08,,115,,66,left_only
Paprika,2006,Satoshi Kon,"Animation, Drama, Fantasy",,7.7,,,,,0.88,,90,,81,left_only
The Wind Rises,2013,Hayao Miyazaki,"Animation, Biography, Drama",,7.7,,,,,5.21,,126,,83,left_only
Run Lola Run,1998,Tom Tykwer,"Action, Crime, Thriller","Action, Drama, Thriller",7.7,7.2,664,1.53,7.267585,7.27,27.36562,80,81,77,both
The Last Emperor,1987,Bernardo Bertolucci,"Biography, Drama, History","Drama, History",7.7,7.4,355,23.0,43.98423,43.98,21.189028,163,163,76,both
Kubo and the Two Strings,2016,Travis Knight,"Animation, Action, Adventure",,7.7,,,,,48.02,,101,,84,left_only
Fantastic Planet,1973,René Laloux,"Animation, Sci-Fi",,7.7,,,,,0.19,,72,,73,left_only
Mother,2009,Bong Joon Ho,"Crime, Drama, Mystery",,7.7,,,,,0.55,,129,,79,left_only
The African Queen,1951,John Huston,"Adventure, Drama, Romance",,7.7,,,,,0.54,,105,,91,left_only
Beasts of No Nation,2015,Cary Joji Fukunaga,"Drama, War",,7.7,,,,,0.08,,137,,79,left_only
Finding Neverland,2004,Marc Forster,"Biography, Drama, Family",Drama,7.7,7.2,1223,25.0,116.766556,51.68,34.160448,106,106,67,both
Me and Earl and the Dying Girl,2015,Alfonso Gomez-Rejon,"Comedy, Drama, Romance",,7.7,,,,,6.74,,105,,74,left_only
The Quiet Man,1952,John Ford,"Comedy, Drama, Romance",,7.7,,,,,10.55,,129,,85,left_only
Happy Together,1997,Kar-Wai Wong,"Drama, Romance",,7.7,,,,,0.19,,96,,70,left_only
Black Book,2006,Paul Verhoeven,"Drama, Thriller, War","Drama, Thriller, War",7.7,7.2,277,21.0,26.193068,4.4,13.906611,145,145,71,both
Short Cuts,1993,Robert Altman,"Comedy, Drama",,7.7,,,,,6.11,,188,,81,left_only
Fantasia,1940,James Algar,"Animation, Family, Fantasy","Animation, Family, Music",7.7,7.2,808,2.28,83.32,76.41,32.875469,124,124,96,both
Nebraska,2013,Alexander Payne,Drama,"Adventure, Drama",7.7,7.4,636,12.0,17.654912,17.65,29.223881,115,115,86,both
The Double Life of Véronique,1991,Krzysztof Kieslowski,"Drama, Fantasy, Music",,7.7,,,,,2.0,,98,,86,left_only
Waking Life,2001,Richard Linklater,"Animation, Drama, Fantasy",,7.7,,,,,2.89,,99,,84,left_only
When Marnie Was There,2014,Hiromasa Yonebayashi,"Animation, Drama, Family",,7.7,,,,,0.77,,103,,72,left_only
Hedwig and the Angry Inch,2001,John Cameron Mitchell,"Comedy, Drama, Music",,7.7,,,,,3.03,,95,,85,left_only
A Man for All Seasons,1966,Fred Zinnemann,"Biography, Drama, History","Drama, History",7.7,7.5,89,3.9,28.35,28.35,9.541688,120,120,72,both
Night on Earth,1991,Jim Jarmusch,"Comedy, Drama",,7.7,,,,,2.02,,129,,68,left_only
The Broken Circle Breakdown,2012,Felix van Groeningen,"Drama, Music, Romance",,7.7,,,,,0.18,,111,,70,left_only
The Triplets of Belleville,2003,Sylvain Chomet,"Animation, Adventure, Comedy","Adventure, Animation, Comedy, Drama",7.7,7.3,231,8.0,1.477676,7.0,13.944645,80,80,91,both
Good Bye Lenin!,2003,Wolfgang Becker,"Comedy, Drama, Romance",,7.7,7.4,586,4.8,79.38488,4.06,11.086001,121,121,68,fuzzy
The Little Prince,2015,Mark Osborne,"Animation, Adventure, Drama","Adventure, Animation, Fantasy",7.7,7.6,756,64.0,97.57125,1.34,35.384423,108,92,70,both
The Motorcycle Diaries,2004,Walter Salles,"Adventure, Biography, Drama",,7.7,,,,,16.78,,126,,75,left_only
Down by Law,1986,Jim Jarmusch,"Comedy, Crime, Drama",,7.7,,,,,1.44,,107,,75,left_only
The Caine Mutiny,1954,Edward Dmytryk,"Drama, War",,7.7,,,,,21.75,,124,,63,left_only
Frost/Nixon,2008,Ron Howard,"Biography, Drama, History",,7.7,,,,,18.59,,122,,80,left_only
Taste of Cherry,1997,Abbas Kiarostami,Drama,,7.7,,,,,0.31,,95,,80,left_only
The Salesman,2016,Asghar Farhadi,"Drama, Thriller",,7.7,,,,,2.4,,124,,85,left_only
The Experiment,2001,Oliver Hirschbiegel,"Drama, Thriller",,7.7,,,,,0.14,,120,,60,left_only
Evil,2003,Mikael Håfström,Drama,,7.7,,,,,0.02,,113,,61,left_only
The Magdalene Sisters,2002,Peter Mullan,Drama,,7.7,,,,,4.89,,114,,83,left_only
After the Wedding,2006,Susanne Bier,Drama,,7.7,,,,,0.41,,120,,78,left_only
In America,2002,Jim Sheridan,Drama,,7.7,,,,,15.54,,105,,76,left_only
The Breadwinner,2017,Nora Twomey,"Animation, Drama, Family",,7.7,,,,,0.31,,94,,78,left_only
Fireworks,1997,Takeshi Kitano,"Crime, Drama, Romance",,7.7,,,,,0.23,,103,,83,left_only
The Purple Rose of Cairo,1985,Woody Allen,"Comedy, Fantasy, Romance",,7.7,,,,,10.63,,82,,75,left_only
The Muppet Christmas Carol,1992,Brian Henson,"Comedy, Drama, Family",,7.7,,,,,27.28,,85,,64,left_only
The Past,2013,Asghar Farhadi,"Drama, Mystery",,7.7,6.5,305,6.5,2.40151,1.33,16.574756,130,116,85,fuzzy
The Edge of Heaven,2007,Fatih Akin,Drama,,7.7,,,,,0.74,,122,,85,left_only
Avatar: The Way of Water,2022,James Cameron,"Action, Adventure, Fantasy",,7.6,,,,,659.68,,192,,67,left_only
Harry Potter and the Sorcerer's Stone,2001,Chris Columbus,"Adventure, Family, Fantasy",,7.6,7.5,7006,125.0,976.47555,317.58,109.984351,152,152,65,fuzzy
Once Upon a Time in Hollywood,2019,Quentin Tarantino,"Comedy, Drama",,7.6,,,,,142.5,,161,,83,left_only
American Psycho,2000,Mary Harron,"Crime, Drama, Horror","Crime, Drama, Thriller",7.6,7.3,2066,7.0,34.266564,15.07,45.310443,102,102,64,both
The Fifth Element,1997,Luc Besson,"Action, Adventure, Sci-Fi","Action, Adventure, Fantasy, Science Fiction, Thriller",7.6,7.3,3885,90.0,263.92018,63.54,109.528572,126,126,52,both
Superbad,2007,Greg Mottola,Comedy,Comedy,7.6,7.0,2100,20.0,121.463226,121.46,33.436092,113,113,76,both
The Royal Tenenbaums,2001,Wes Anderson,"Comedy, Drama","Comedy, Drama",7.6,7.4,1286,21.0,71.44125,52.36,24.13081,110,110,76,both
300,2006,Zack Snyder,"Action, Drama","Action, Adventure, War",7.6,7.0,4997,65.0,422.610419,210.61,65.197968,117,117,52,both
Watchmen,2009,Zack Snyder,"Action, Drama, Mystery","Action, Mystery, Science Fiction",7.6,7.0,2811,130.0,185.258983,107.51,64.798873,162,163,56,both
Deadpool 2,2018,David Leitch,"Action, Adventure, Comedy",,7.6,,,,,324.59,,119,,66,left_only
Guardians of the Galaxy Vol. 2,2017,James Gunn,"Action, Adventure, Comedy",,7.6,,,,,389.81,,136,,67,left_only
RoboCop,1987,Paul Verhoeven,"Action, Crime, Sci-Fi",,7.6,,,,,53.42,,102,,70,left_only
Kick-Ass,2010,Matthew Vaughn,"Action, Comedy, Crime","Action, Crime",7.6,7.1,4645,28.0,96.188903,48.07,45.054936,117,117,66,both
Sicario,2015,Denis Villeneuve,"Action, Crime, Drama","Action, Crime, Drama, Mystery, Thriller",7.6,7.2,2416,30.0,84.025816,46.89,55.424027,121,121,82,both
My Cousin Vinny,1992,Jonathan Lynn,"Comedy, Crime","Comedy, Drama",7.6,7.3,384,11.0,64.088552,52.93,19.231507,120,120,68,both
Rushmore,1998,Wes Anderson,"Comedy, Drama, Romance","Comedy, Drama",7.6,7.5,676,9.0,17.096053,17.11,18.289303,93,93,86,both
Saw,2004,James Wan,"Horror, Mystery, Thriller","Crime, Horror, Mystery",7.6,7.2,2184,1.2,103.911669,56.0,63.655973,103,103,46,both
Office Space,1999,Mike Judge,Comedy,"Comedy, Crime",7.6,7.4,1050,10.0,12.827813,10.82,18.366362,89,89,68,both
Moneyball,2011,Bennett Miller,"Biography, Drama, Sport",Drama,7.6,7.0,1381,50.0,110.206216,75.61,46.180421,133,133,87,both
A Star Is Born,2018,Bradley Cooper,"Drama, Music, Romance",,7.6,,,,,215.29,,136,,88,left_only
The Butterfly Effect,2004,Eric Bress,"Drama, Sci-Fi, Thriller","Science Fiction, Thriller",7.6,7.3,2060,13.0,96.060858,57.94,73.307513,113,113,30,both
Inside Man,2006,Spike Lee,"Crime, Drama, Mystery","Crime, Drama, Thriller",7.6,7.3,1630,45.0,184.376254,88.51,45.220386,129,129,76,both
Star Wars: Episode III - Revenge of the Sith,2005,George Lucas,"Action, Adventure, Fantasy","Action, Adventure, Science Fiction",7.6,7.1,4116,113.0,850.0,380.26,44.108427,140,140,68,both
Stardust,2007,Matthew Vaughn,"Adventure, Family, Fantasy","Adventure, Family, Fantasy, Romance",7.6,7.1,1184,70.0,135.560026,38.63,48.032734,127,127,66,both
True Grit,2010,Ethan Coen,"Drama, Western","Adventure, Drama, Western",7.6,7.2,1668,38.0,252.276927,171.24,49.292384,110,110,80,both
Kung Fu Panda,2008,Mark Osborne,"Animation, Action, Adventure","Adventure, Animation, Comedy, Family",7.6,6.9,3145,130.0,631.74456,215.43,84.689648,92,90,74,both
Minority Report,2002,Steven Spielberg,"Action, Crime, Mystery","Action, Mystery, Science Fiction, Thriller",7.6,7.1,2608,102.0,358.372926,132.07,65.948959,145,145,80,both
The Blind Side,2009,John Lee Hancock,"Biography, Drama, Sport",Drama,7.6,7.2,1597,29.0,309.208309,255.96,25.767395,129,129,53,both
Eastern Promises,2007,David Cronenberg,"Crime, Drama, Thriller","Crime, Mystery, Thriller",7.6,7.2,848,51.5,55.112356,17.11,35.481169,100,100,83,both
The Others,2001,Alejandro Amenábar,"Horror, Mystery, Thriller",,7.6,,,,,96.52,,104,,74,left_only
The Birds,1963,Alfred Hitchcock,"Drama, Horror, Mystery",,7.6,,,,,11.4,,119,,90,left_only
Mulan,1998,Tony Bancroft,"Animation, Adventure, Comedy","Adventure, Animation, Family",7.6,7.6,2008,90.0,304.320254,120.62,67.427755,87,88,71,both
The Fly,1986,David Cronenberg,"Drama, Horror, Sci-Fi",,7.6,,,,,40.46,,96,,79,left_only
Lethal Weapon,1987,Richard Donner,"Action, Crime, Thriller",,7.6,,,,,65.21,,109,,68,left_only
What We Do in the Shadows,2014,Jemaine Clement,"Comedy, Horror",,7.6,,,,,3.33,,86,,76,left_only
The Thin Red Line,1998,Terrence Malick,"Drama, History, War","Drama, History, War",7.6,7.2,771,52.0,98.126565,36.4,40.072583,170,170,78,both
Despicable Me,2010,Pierre Coffin,"Animation, Adventure, Comedy","Animation, Family",7.6,7.1,6478,69.0,543.513985,251.51,113.858273,95,95,72,both
The Raid: Redemption,2011,Gareth Evans,"Action, Crime, Thriller",,7.6,,,,,4.11,,101,,73,left_only
The Road Warrior,1981,George Miller,"Action, Adventure, Sci-Fi",,7.6,,,,,12.47,,96,,77,left_only
Dark City,1998,Alex Proyas,"Fantasy, Mystery, Sci-Fi","Mystery, Science Fiction",7.6,7.2,828,27.0,27.200316,14.38,39.324831,100,100,66,both
Gone Baby Gone,2007,Ben Affleck,"Crime, Drama, Mystery",,7.6,,,,,20.3,,114,,72,left_only
The Skin I Live In,2011,Pedro Almodóvar,"Drama, Horror, Mystery",,7.6,,,,,3.19,,120,,70,left_only
Ponyo,2008,Hayao Miyazaki,"Animation, Adventure, Comedy","Animation, Family",7.6,7.5,926,41.677699,187.479518,15.09,39.58676,101,100,86,both
The Jungle Book,1967,Wolfgang Reitherman,"Animation, Adventure, Comedy",,7.6,,,,,141.84,,78,,65,left_only
Enter the Dragon,1973,Robert Clouse,"Action, Crime, Thriller",,7.6,,,,,25.0,,102,,83,left_only
End of Watch,2012,David Ayer,"Action, Adventure, Crime","Crime, Drama, Thriller",7.6,7.2,1170,7.0,48.126384,41.0,49.517264,109,109,68,both
Dawn of the Planet of the Apes,2014,Matt Reeves,"Action, Adventure, Drama","Action, Drama, Science Fiction, Thriller",7.6,7.3,4410,170.0,710.644566,208.55,243.791743,130,130,79,both
I Am Sam,2001,Jessie Nelson,Drama,Drama,7.6,7.2,530,22.0,92.542418,40.31,26.071644,132,132,28,both
Match Point,2005,Woody Allen,"Drama, Romance, Thriller","Crime, Drama, Romance, Thriller",7.6,7.3,1105,15.0,85.306374,23.09,30.669913,124,124,72,both
The Bridges of Madison County,1995,Clint Eastwood,"Drama, Romance","Drama, Romance",7.6,7.3,385,24.0,182.016617,71.52,17.606087,135,135,69,both
Die Hard with a Vengeance,1995,John McTiernan,"Action, Adventure, Thriller",,7.6,6.9,2066,90.0,366.101666,100.01,51.881077,128,128,58,fuzzy
Snow White and the Seven Dwarfs,1937,William Cottrell,"Animation, Adventure, Family","Animation, Family, Fantasy",7.6,6.9,1914,1.488423,184.925486,184.93,80.171283,83,83,96,both
From Here to Eternity,1953,Fred Zinnemann,"Drama, Romance, War","Drama, Romance, War",7.6,7.2,133,1.65,30.5,30.5,6.915201,118,118,85,both
50/50,2011,Jonathan Levine,"Comedy, Drama, Romance","Comedy, Drama",7.6,7.0,1261,8.0,39.187783,35.01,33.372828,100,100,72,both
Barton Fink,1991,Joel Coen,"Comedy, Drama, Thriller",,7.6,,,,,6.15,,116,,69,left_only
21 Grams,2003,Alejandro G. Iñárritu,"Crime, Drama, Thriller","Crime, Drama, Thriller",7.6,7.2,918,20.0,60.427839,16.29,32.243357,124,124,70,both
United 93,2006,Paul Greengrass,"Action, Drama, History","Action, Crime, Drama, History, Thriller",7.6,6.9,367,15.0,76.286096,31.57,17.50138,111,111,90,both
The Last King of Scotland,2006,Kevin Macdonald,"Biography, Drama, History",Drama,7.6,7.4,558,6.0,48.02797,17.61,26.286954,123,121,74,both
25th Hour,2002,Spike Lee,Drama,"Crime, Drama",7.6,7.2,629,15.0,13.060843,13.06,30.196039,135,135,69,both
The Taking of Pelham One Two Three,1974,Joseph Sargent,"Action, Crime, Thriller",,7.6,,,,,2.49,,104,,68,left_only
Control,2007,Anton Corbijn,"Biography, Drama, Music",,7.6,,,,,0.87,,122,,78,left_only
A Very Long Engagement,2004,Jean-Pierre Jeunet,"Drama, Mystery, Romance",,7.6,,,,,6.17,,133,,76,left_only
Shine,1996,Scott Hicks,"Biography, Drama, Music",,7.6,,,,,35.81,,105,,87,left_only
Philomena,2013,Stephen Frears,"Biography, Comedy, Drama",Drama,7.6,7.4,579,12.0,100.129872,37.71,29.019504,98,98,77,both
