title,director,release_year,genre,rating,metascore,runtime_in_minutes,gross_in_millions
The Shawshank Redemption,Frank Darabont,1994,Drama,9.3,82.0,142,28.34
The Godfather,Francis Ford Coppola,1972,"Crime, Drama",9.2,100.0,175,134.97
The Dark Knight,Christopher Nolan,2008,"Action, Crime, Drama",9.0,84.0,152,534.86
Schindler's List,Steven Spielberg,1993,"Biography, Drama, History",9.0,95.0,195,96.9
12 Angry Men,Sidney Lumet,1957,"Crime, Drama",9.0,97.0,96,4.36
The Lord of the Rings: The Return of the King,Peter Jackson,2003,"Action, Adventure, Drama",9.0,94.0,201,377.85
The Godfather Part II,Francis Ford Coppola,1974,"Crime, Drama",9.0,90.0,202,57.3
Pulp Fiction,Quentin Tarantino,1994,"Crime, Drama",8.9,95.0,154,107.93
Inception,Christopher Nolan,2010,"Action, Adventure, Sci-Fi",8.8,74.0,148,292.58
The Lord of the Rings: The Fellowship of the Ring,Peter Jackson,2001,"Action, Adventure, Drama",8.8,92.0,178,315.54
Fight Club,David Fincher,1999,Drama,8.8,67.0,139,37.03
Forrest Gump,Robert Zemeckis,1994,"Drama, Romance",8.8,82.0,142,330.25
"The Good, the Bad and the Ugly",Sergio Leone,1966,"Adventure, Western",8.8,90.0,178,6.1
The Lord of the Rings: The Two Towers,Peter Jackson,2002,"Action, Adventure, Drama",8.8,87.0,179,342.55
Interstellar,Christopher Nolan,2014,"Adventure, Drama, Sci-Fi",8.7,74.0,169,188.02
Goodfellas,Martin Scorsese,1990,"Biography, Crime, Drama",8.7,92.0,145,46.84
The Matrix,Lana Wachowski,1999,"Action, Sci-Fi",8.7,73.0,136,171.48
One Flew Over the Cuckoo's Nest,Milos Forman,1975,Drama,8.7,84.0,133,112.0
Star Wars: Episode V - The Empire Strikes Back,Irvin Kershner,1980,"Action, Adventure, Fantasy",8.7,82.0,124,290.48
The Green Mile,Frank Darabont,1999,"Crime, Drama, Fantasy",8.6,61.0,189,136.8
Terminator 2: Judgment Day,James Cameron,1991,"Action, Sci-Fi",8.6,75.0,137,204.84
Se7en,David Fincher,1995,"Crime, Drama, Mystery",8.6,65.0,127,100.13
Saving Private Ryan,Steven Spielberg,1998,"Drama, War",8.6,91.0,169,216.54
The Silence of the Lambs,Jonathan Demme,1991,"Crime, Drama, Thriller",8.6,86.0,118,130.74
Star Wars: Episode IV - A New Hope,George Lucas,1977,"Action, Adventure, Fantasy",8.6,90.0,121,322.74
Spirited Away,Hayao Miyazaki,2001,"Animation, Adventure, Family",8.6,96.0,125,10.06
City of God,Fernando Meirelles,2002,"Crime, Drama",8.6,79.0,130,7.56
Life Is Beautiful,Roberto Benigni,1997,"Comedy, Drama, Romance",8.6,59.0,116,57.6
Seven Samurai,Akira Kurosawa,1954,"Action, Drama",8.6,98.0,207,0.27
Back to the Future,Robert Zemeckis,1985,"Adventure, Comedy, Sci-Fi",8.5,87.0,116,210.61
The Departed,Martin Scorsese,2006,"Crime, Drama, Thriller",8.5,85.0,151,132.38
Gladiator,Ridley Scott,2000,"Action, Adventure, Drama",8.5,67.0,155,187.71
Alien,Ridley Scott,1979,"Horror, Sci-Fi",8.5,89.0,117,78.9
Parasite,Bong Joon Ho,2019,"Drama, Thriller",8.5,96.0,132,53.37
The Prestige,Christopher Nolan,2006,"Drama, Mystery, Sci-Fi",8.5,66.0,130,53.09
Whiplash,Damien Chazelle,2014,"Drama, Music",8.5,89.0,106,13.09
Léon: The Professional,Luc Besson,1994,"Action, Crime, Drama",8.5,64.0,110,19.5
The Lion King,Roger Allers,1994,"Animation, Adventure, Drama",8.5,88.0,88,422.78
The Usual Suspects,Bryan Singer,1995,"Crime, Drama, Mystery",8.5,77.0,106,23.34
Casablanca,Michael Curtiz,1942,"Drama, Romance, War",8.5,100.0,102,1.02
American History X,Tony Kaye,1998,"Crime, Drama",8.5,62.0,119,6.72
Psycho,Alfred Hitchcock,1960,"Horror, Mystery, Thriller",8.5,97.0,109,32.0
The Pianist,Roman Polanski,2002,"Biography, Drama, Music",8.5,85.0,150,32.57
The Intouchables,Olivier Nakache,2011,"Biography, Comedy, Drama",8.5,57.0,112,13.18
Once Upon a Time in the West,Sergio Leone,1968,Western,8.5,82.0,165,5.32
Rear Window,Alfred Hitchcock,1954,"Mystery, Thriller",8.5,100.0,112,36.76
Cinema Paradiso,Giuseppe Tornatore,1988,"Drama, Romance",8.5,80.0,155,11.99
Modern Times,Charles Chaplin,1936,"Comedy, Drama, Romance",8.5,96.0,87,0.16
City Lights,Charles Chaplin,1931,"Comedy, Drama, Romance",8.5,99.0,87,0.02
Indiana Jones and the Raiders of the Lost Ark,Steven Spielberg,1981,"Action, Adventure",8.4,85.0,115,248.16
Spider-Man: Into the Spider-Verse,Bob Persichetti,2018,"Animation, Action, Adventure",8.4,87.0,117,190.24
Avengers: Endgame,Anthony Russo,2019,"Action, Adventure, Drama",8.4,78.0,181,858.37
Django Unchained,Quentin Tarantino,2012,"Drama, Western",8.4,81.0,165,162.81
Apocalypse Now,Francis Ford Coppola,1979,"Drama, Mystery, War",8.4,94.0,147,83.47
Aliens,James Cameron,1986,"Action, Adventure, Sci-Fi",8.4,84.0,137,85.16
The Dark Knight Rises,Christopher Nolan,2012,"Action, Drama, Thriller",8.4,78.0,164,448.14
Avengers: Infinity War,Anthony Russo,2018,"Action, Adventure, Sci-Fi",8.4,68.0,149,678.82
The Shining,Stanley Kubrick,1980,"Drama, Horror",8.4,66.0,146,44.02
Oldboy,Park Chan-wook,2003,"Action, Drama, Mystery",8.4,77.0,120,0.71
Memento,Christopher Nolan,2000,"Mystery, Thriller",8.4,83.0,113,25.54
Amadeus,Milos Forman,1984,"Biography, Drama, Music",8.4,88.0,160,51.97
Your Name.,Makoto Shinkai,2016,"Animation, Drama, Fantasy",8.4,81.0,106,5.02
WALL·E,Andrew Stanton,2008,"Animation, Adventure, Family",8.4,95.0,98,223.81
3 Idiots,Rajkumar Hirani,2009,"Comedy, Drama",8.4,67.0,170,6.53
The Lives of Others,Florian Henckel von Donnersmarck,2006,"Drama, Mystery, Thriller",8.4,89.0,137,11.29
Dr. Strangelove or: How I Learned to Stop Worrying and Love the Bomb,Stanley Kubrick,1964,"Comedy, War",8.4,97.0,95,0.28
Das Boot,Wolfgang Petersen,1981,"Drama, War",8.4,86.0,149,11.49
Capernaum,Nadine Labaki,2018,Drama,8.4,75.0,126,1.66
Witness for the Prosecution,Billy Wilder,1957,"Crime, Drama, Mystery",8.4,76.0,116,8.18
Top Gun: Maverick,Joseph Kosinski,2022,"Action, Drama",8.3,78.0,130,718.73
Heat,Michael Mann,1995,"Action, Crime, Drama",8.3,76.0,170,67.44
Inglourious Basterds,Quentin Tarantino,2009,"Adventure, Drama, War",8.3,69.0,153,120.54
Full Metal Jacket,Stanley Kubrick,1987,"Drama, War",8.3,78.0,116,46.36
Scarface,Brian De Palma,1983,"Crime, Drama",8.3,65.0,170,45.6
American Beauty,Sam Mendes,1999,Drama,8.3,84.0,122,130.1
Requiem for a Dream,Darren Aronofsky,2000,Drama,8.3,71.0,102,3.64
Good Will Hunting,Gus Van Sant,1997,"Drama, Romance",8.3,70.0,126,138.43
Eternal Sunshine of the Spotless Mind,Michel Gondry,2004,"Drama, Romance, Sci-Fi",8.3,89.0,108,34.4
A Clockwork Orange,Stanley Kubrick,1971,"Crime, Sci-Fi",8.3,77.0,136,6.21
Vertigo,Alfred Hitchcock,1958,"Mystery, Romance, Thriller",8.3,100.0,128,3.2
Braveheart,Mel Gibson,1995,"Biography, Drama, History",8.3,68.0,178,75.6
2001: A Space Odyssey,Stanley Kubrick,1968,"Adventure, Sci-Fi",8.3,84.0,149,56.95
Reservoir Dogs,Quentin Tarantino,1992,"Crime, Thriller",8.3,81.0,99,2.83
Once Upon a Time in America,Sergio Leone,1984,"Crime, Drama",8.3,75.0,229,5.32
The Hunt,Thomas Vinterberg,2012,Drama,8.3,77.0,115,0.69
Toy Story,John Lasseter,1995,"Animation, Adventure, Comedy",8.3,96.0,81,191.8
Up,Pete Docter,2009,"Animation, Adventure, Comedy",8.3,88.0,96,293.0
Star Wars: Episode VI - Return of the Jedi,Richard Marquand,1983,"Action, Adventure, Fantasy",8.3,58.0,131,309.13
Amélie,Jean-Pierre Jeunet,2001,"Comedy, Romance",8.3,69.0,122,33.23
Incendies,Denis Villeneuve,2010,"Drama, Mystery",8.3,80.0,131,6.86
Lawrence of Arabia,David Lean,1962,"Adventure, Biography, Drama",8.3,100.0,218,44.82
Toy Story 3,Lee Unkrich,2010,"Animation, Adventure, Comedy",8.3,92.0,103,415.0
Princess Mononoke,Hayao Miyazaki,1997,"Animation, Action, Adventure",8.3,76.0,134,2.38
North by Northwest,Alfred Hitchcock,1959,"Action, Adventure, Mystery",8.3,98.0,136,13.28
Citizen Kane,Orson Welles,1941,"Drama, Mystery",8.3,100.0,119,1.59
Singin' in the Rain,Stanley Donen,1952,"Comedy, Musical, Romance",8.3,99.0,103,8.82
Metropolis,Fritz Lang,1927,"Drama, Sci-Fi",8.3,98.0,153,1.24
The Sting,George Roy Hill,1973,"Comedy, Crime, Drama",8.3,83.0,129,159.6
A Separation,Asghar Farhadi,2011,Drama,8.3,95.0,123,7.1
The Apartment,Billy Wilder,1960,"Comedy, Drama, Romance",8.3,94.0,125,18.6
Ikiru,Akira Kurosawa,1952,Drama,8.3,92.0,143,0.06
Double Indemnity,Billy Wilder,1944,"Crime, Drama, Film-Noir",8.3,95.0,107,5.72
Indiana Jones and the Last Crusade,Steven Spielberg,1989,"Action, Adventure",8.2,65.0,127,197.17
The Wolf of Wall Street,Martin Scorsese,2013,"Biography, Comedy, Crime",8.2,75.0,180,116.9
Spider-Man: No Way Home,Jon Watts,2021,"Action, Adventure, Fantasy",8.2,71.0,148,804.75
There Will Be Blood,Paul Thomas Anderson,2007,Drama,8.2,93.0,158,40.22
Jurassic Park,Steven Spielberg,1993,"Action, Adventure, Sci-Fi",8.2,68.0,127,402.45
Shutter Island,Martin Scorsese,2010,"Mystery, Thriller",8.2,63.0,138,128.01
No Country for Old Men,Ethan Coen,2007,"Crime, Drama, Thriller",8.2,92.0,122,74.28
The Thing,John Carpenter,1982,"Horror, Mystery, Sci-Fi",8.2,57.0,109,13.78
Batman Begins,Christopher Nolan,2005,"Action, Crime, Drama",8.2,70.0,140,206.85
Taxi Driver,Martin Scorsese,1976,"Crime, Drama",8.2,94.0,114,28.26
1917,Sam Mendes,2019,"Action, Drama, War",8.2,78.0,119,159.23
Casino,Martin Scorsese,1995,"Crime, Drama",8.2,73.0,178,42.44
Snatch,Guy Ritchie,2000,"Comedy, Crime",8.2,55.0,102,30.33
Howl's Moving Castle,Hayao Miyazaki,2004,"Animation, Adventure, Family",8.2,82.0,119,4.71
Unforgiven,Clint Eastwood,1992,"Drama, Western",8.2,85.0,130,101.16
The Truman Show,Peter Weir,1998,"Comedy, Drama",8.2,90.0,103,125.62
Green Book,Peter Farrelly,2018,"Biography, Comedy, Drama",8.2,69.0,130,85.08
Kill Bill: Vol. 1,Quentin Tarantino,2003,"Action, Crime, Thriller",8.2,69.0,111,70.1
L.A. Confidential,Curtis Hanson,1997,"Crime, Drama, Mystery",8.2,91.0,138,64.62
The Sixth Sense,M. Night Shyamalan,1999,"Drama, Mystery, Thriller",8.2,64.0,107,293.51
Finding Nemo,Andrew Stanton,2003,"Animation, Adventure, Comedy",8.2,90.0,100,380.84
Die Hard,John McTiernan,1988,"Action, Thriller",8.2,72.0,132,83.01
A Beautiful Mind,Ron Howard,2001,"Biography, Drama",8.2,72.0,135,170.74
Downfall,Oliver Hirschbiegel,2004,"Biography, Drama, History",8.2,82.0,156,5.51
Gone with the Wind,Victor Fleming,1939,"Drama, Romance, War",8.2,97.0,238,198.68
Chinatown,Roman Polanski,1974,"Drama, Mystery, Thriller",8.2,92.0,130,8.49
V for Vendetta,James McTeigue,2005,"Action, Drama, Sci-Fi",8.2,62.0,132,70.51
Pan's Labyrinth,Guillermo del Toro,2006,"Drama, Fantasy, War",8.2,98.0,118,37.63
The Great Escape,John Sturges,1963,"Adventure, Drama, History",8.2,86.0,172,12.1
Some Like It Hot,Billy Wilder,1959,"Comedy, Music, Romance",8.2,98.0,121,25.0
Monty Python and the Holy Grail,Terry Gilliam,1975,"Adventure, Comedy, Fantasy",8.2,91.0,91,1.23
Demon Slayer the Movie: Mugen Train,Haruo Sotozaki,2020,"Animation, Action, Adventure",8.2,72.0,117,47.7
The Secret in Their Eyes,Juan José Campanella,2009,"Drama, Mystery, Romance",8.2,80.0,129,6.39
For a Few Dollars More,Sergio Leone,1965,"Drama, Western",8.2,74.0,132,15.0
Ran,Akira Kurosawa,1985,"Action, Drama, War",8.2,97.0,162,4.14
Dial M for Murder,Alfred Hitchcock,1954,"Crime, Thriller",8.2,75.0,105,0.01
All About Eve,Joseph L. Mankiewicz,1950,Drama,8.2,98.0,138,0.01
Rashomon,Akira Kurosawa,1950,"Crime, Drama, Mystery",8.2,98.0,88,0.1
The Treasure of the Sierra Madre,John Huston,1948,"Adventure, Drama, Western",8.2,98.0,126,5.01
Z,Costa-Gavras,1969,"Crime, Drama, Thriller",8.2,86.0,127,0.08
Children of Heaven,Majid Majidi,1997,"Drama, Family, Sport",8.2,77.0,89,0.93
The Passion of Joan of Arc,Carl Theodor Dreyer,1928,"Biography, Drama, History",8.2,98.0,114,0.02
Umberto D.,Vittorio De Sica,1952,Drama,8.2,92.0,89,0.07
Jaws,Steven Spielberg,1975,"Adventure, Mystery, Thriller",8.1,87.0,124,260.0
The Grand Budapest Hotel,Wes Anderson,2014,"Adventure, Comedy, Crime",8.1,88.0,99,59.1
Prisoners,Denis Villeneuve,2013,"Crime, Drama, Mystery",8.1,70.0,153,61.0
Pirates of the Caribbean: The Curse of the Black Pearl,Gore Verbinski,2003,"Action, Adventure, Fantasy",8.1,63.0,143,305.41
Blade Runner,Ridley Scott,1982,"Action, Drama, Sci-Fi",8.1,84.0,117,32.87
The Terminator,James Cameron,1984,"Action, Sci-Fi",8.1,84.0,107,38.4
Mad Max: Fury Road,George Miller,2015,"Action, Adventure, Sci-Fi",8.1,90.0,120,154.06
Gone Girl,David Fincher,2014,"Drama, Mystery, Thriller",8.1,79.0,149,167.77
Ford v Ferrari,James Mangold,2019,"Action, Biography, Drama",8.1,81.0,152,117.62
The Help,Tate Taylor,2011,Drama,8.1,62.0,146,169.71
Logan,James Mangold,2017,"Action, Drama, Sci-Fi",8.1,77.0,137,226.28
Catch Me If You Can,Steven Spielberg,2002,"Biography, Crime, Drama",8.1,75.0,141,164.62
The Big Lebowski,Joel Coen,1998,"Comedy, Crime",8.1,71.0,117,17.5
Hacksaw Ridge,Mel Gibson,2016,"Biography, Drama, History",8.1,71.0,139,67.21
Stand by Me,Rob Reiner,1986,"Adventure, Drama",8.1,75.0,89,52.29
Ratatouille,Brad Bird,2007,"Animation, Adventure, Comedy",8.1,96.0,111,206.45
Harry Potter and the Deathly Hallows: Part 2,David Yates,2011,"Adventure, Family, Fantasy",8.1,85.0,130,381.01
The Exorcist,William Friedkin,1973,Horror,8.1,81.0,122,232.91
The Handmaiden,Park Chan-wook,2016,"Drama, Romance, Thriller",8.1,85.0,145,2.01
Rocky,John G. Avildsen,1976,"Drama, Sport",8.1,70.0,120,117.24
On the Waterfront,Elia Kazan,1954,"Crime, Drama, Thriller",8.1,91.0,108,9.6
Fargo,Joel Coen,1996,"Crime, Thriller",8.1,86.0,98,24.61
Trainspotting,Danny Boyle,1996,Drama,8.1,83.0,93,16.5
The Wizard of Oz,Victor Fleming,1939,"Adventure, Family, Fantasy",8.1,92.0,102,2.08
"Three Billboards Outside Ebbing, Missouri",Martin McDonagh,2017,"Comedy, Crime, Drama",8.1,88.0,115,54.51
Dead Poets Society,Peter Weir,1989,"Comedy, Drama",8.1,79.0,128,95.86
Into the Wild,Sean Penn,2007,"Adventure, Biography, Drama",8.1,73.0,148,18.35
The Deer Hunter,Michael Cimino,1978,"Drama, War",8.1,86.0,183,48.98
"Monsters, Inc.",Pete Docter,2001,"Animation, Adventure, Comedy",8.1,79.0,92,289.92
Memories of Murder,Bong Joon Ho,2003,"Crime, Drama, Mystery",8.1,82.0,132,0.01
Before Sunrise,Richard Linklater,1995,"Drama, Romance",8.1,77.0,101,5.54
12 Years a Slave,Steve McQueen,2013,"Biography, Drama, History",8.1,96.0,134,56.67
The Sound of Music,Robert Wise,1965,"Biography, Drama, Family",8.1,63.0,172,163.21
Platoon,Oliver Stone,1986,"Drama, War",8.1,92.0,120,138.53
How to Train Your Dragon,Dean DeBlois,2010,"Animation, Action, Adventure",8.1,75.0,98,217.58
"Lock, Stock and Two Smoking Barrels",Guy Ritchie,1998,"Action, Comedy, Crime",8.1,66.0,107,3.9
Warrior,Gavin O'Connor,2011,"Action, Drama, Sport",8.1,71.0,140,13.66
Portrait of a Lady on Fire,Céline Sciamma,2019,Drama,8.1,95.0,122,3.76
Gran Torino,Clint Eastwood,2008,Drama,8.1,72.0,116,148.1
Million Dollar Baby,Clint Eastwood,2004,"Drama, Sport",8.1,86.0,132,100.49
In the Mood for Love,Kar-Wai Wong,2000,"Drama, Romance",8.1,87.0,98,2.73
My Neighbor Totoro,Hayao Miyazaki,1988,"Animation, Comedy, Family",8.1,86.0,86,1.11
Raging Bull,Martin Scorsese,1980,"Biography, Drama, Sport",8.1,90.0,129,23.38
Cool Hand Luke,Stuart Rosenberg,1967,"Crime, Drama",8.1,92.0,127,16.22
The Iron Giant,Brad Bird,1999,"Animation, Action, Adventure",8.1,85.0,86,23.16
Wild Tales,Damián Szifron,2014,"Comedy, Drama, Thriller",8.1,77.0,122,3.11
Before Sunset,Richard Linklater,2004,"Drama, Romance",8.1,91.0,80,5.82
Stalker,Andrei Tarkovsky,1979,"Drama, Sci-Fi",8.1,85.0,162,0.23
Ben-Hur,William Wyler,1959,"Adventure, Drama",8.1,90.0,212,74.7
"Paris, Texas",Wim Wenders,1984,Drama,8.1,81.0,145,2.18
The Bridge on the River Kwai,David Lean,1957,"Adventure, Drama, War",8.1,87.0,161,44.91
In the Name of the Father,Jim Sheridan,1993,"Biography, Crime, Drama",8.1,84.0,133,25.01
Hotel Rwanda,Terry George,2004,"Biography, Drama, History",8.1,79.0,121,23.53
Amores Perros,Alejandro G. Iñárritu,2000,"Drama, Thriller",8.1,83.0,154,5.38
Rebecca,Alfred Hitchcock,1940,"Drama, Film-Noir, Mystery",8.1,86.0,130,4.36
The Third Man,Carol Reed,1949,"Film-Noir, Mystery, Thriller",8.1,97.0,93,0.45
Paper Moon,Peter Bogdanovich,1973,"Comedy, Crime, Drama",8.1,77.0,102,30.93
The Best Years of Our Lives,William Wyler,1946,"Drama, Romance, War",8.1,93.0,170,23.65
The Grapes of Wrath,John Ford,1940,Drama,8.1,96.0,129,0.06
All Quiet on the Western Front,Lewis Milestone,1930,"Drama, War",8.1,91.0,152,3.27
A Woman Under the Influence,John Cassavetes,1974,"Drama, Romance",8.1,88.0,155,13.34
Three Colors: Red,Krzysztof Kieslowski,1994,"Drama, Mystery, Romance",8.1,100.0,99,4.04
The Celebration,Thomas Vinterberg,1998,Drama,8.1,82.0,105,1.65
It Happened One Night,Frank Capra,1934,"Comedy, Romance",8.1,87.0,105,4.36
Fanny and Alexander,Ingmar Bergman,1982,Drama,8.1,100.0,188,4.97
Lagaan: Once Upon a Time in India,Ashutosh Gowariker,2001,"Drama, Musical, Sport",8.1,84.0,224,0.07
Yi Yi: A One and a Two...,Edward Yang,2000,"Drama, Romance",8.1,94.0,173,1.14
Underground,Emir Kusturica,1995,"Comedy, Drama, Fantasy",8.1,79.0,167,0.17
The Battle of Algiers,Gillo Pontecorvo,1966,"Drama, War",8.1,96.0,121,0.06
Farewell My Concubine,Kaige Chen,1993,"Drama, Music, Romance",8.1,83.0,171,5.22
Mr. Smith Goes to Washington,Frank Capra,1939,"Comedy, Drama",8.1,73.0,129,9.6
Winter Sleep,Nuri Bilge Ceylan,2014,Drama,8.1,88.0,196,0.17
Ace in the Hole,Billy Wilder,1951,"Drama, Film-Noir",8.1,72.0,111,3.97
Sunrise,F.W. Murnau,1927,"Drama, Romance",8.1,95.0,94,0.54
Rififi,Jules Dassin,1955,"Crime, Drama, Thriller",8.1,97.0,118,0.06
Let's Go! India,Shimit Amin,2007,"Drama, Family, Sport",8.1,68.0,153,1.11
Tangerines,Zaza Urushadze,2013,"Drama, War",8.1,73.0,87,0.14
Dune,Denis Villeneuve,2021,"Action, Adventure, Drama",8.0,74.0,155,108.33
Blade Runner 2049,Denis Villeneuve,2017,"Action, Drama, Mystery",8.0,81.0,164,92.05
Guardians of the Galaxy,James Gunn,2014,"Action, Adventure, Comedy",8.0,76.0,121,333.18
Deadpool,Tim Miller,2016,"Action, Comedy",8.0,65.0,108,363.07
Rain Man,Barry Levinson,1988,Drama,8.0,65.0,133,178.8
Black Swan,Darren Aronofsky,2010,"Drama, Thriller",8.0,79.0,108,106.95
The Princess Bride,Rob Reiner,1987,"Adventure, Comedy, Family",8.0,77.0,98,30.86
The Avengers,Joss Whedon,2012,"Action, Sci-Fi",8.0,69.0,143,623.28
La La Land,Damien Chazelle,2016,"Comedy, Drama, Music",8.0,94.0,128,151.1
The Martian,Ridley Scott,2015,"Adventure, Drama, Sci-Fi",8.0,80.0,144,228.43
Donnie Darko,Richard Kelly,2001,"Drama, Mystery, Sci-Fi",8.0,88.0,113,1.48
The Incredibles,Brad Bird,2004,"Animation, Action, Adventure",8.0,90.0,115,261.44
Her,Spike Jonze,2013,"Drama, Romance, Sci-Fi",8.0,91.0,126,25.57
Zootopia,Byron Howard,2016,"Animation, Adventure, Comedy",8.0,78.0,108,341.27
The Graduate,Mike Nichols,1967,"Comedy, Drama, Romance",8.0,83.0,106,104.95
Casino Royale,Martin Campbell,2006,"Action, Adventure, Thriller",8.0,80.0,144,167.45
The Imitation Game,Morten Tyldum,2014,"Biography, Drama, Thriller",8.0,71.0,114,91.13
Sin City,Frank Miller,2005,"Crime, Thriller",8.0,74.0,124,74.1
Dances with Wolves,Kevin Costner,1990,"Adventure, Drama, Western",8.0,72.0,181,184.21
Magnolia,Paul Thomas Anderson,1999,Drama,8.0,78.0,188,22.46
Slumdog Millionaire,Danny Boyle,2008,"Crime, Drama, Romance",8.0,84.0,120,141.32
Scent of a Woman,Martin Brest,1992,Drama,8.0,59.0,156,63.9
Groundhog Day,Harold Ramis,1993,"Comedy, Drama, Fantasy",8.0,72.0,101,70.91
Do the Right Thing,Spike Lee,1989,"Comedy, Drama",8.0,93.0,120,27.55
Dog Day Afternoon,Sidney Lumet,1975,"Biography, Crime, Drama",8.0,86.0,125,50.0
Young Frankenstein,Mel Brooks,1974,Comedy,8.0,83.0,106,86.3
Aladdin,Ron Clements,1992,"Animation, Adventure, Comedy",8.0,86.0,90,217.35
Blood Diamond,Edward Zwick,2006,"Adventure, Drama, Thriller",8.0,64.0,143,57.37
12 Monkeys,Terry Gilliam,1995,"Mystery, Sci-Fi, Thriller",8.0,74.0,129,57.14
The Pursuit of Happyness,Gabriele Muccino,2006,"Biography, Drama",8.0,64.0,117,163.57
Big Fish,Tim Burton,2003,"Adventure, Drama, Fantasy",8.0,58.0,125,66.26
Beauty and the Beast,Gary Trousdale,1991,"Animation, Family, Fantasy",8.0,95.0,84,218.97
JFK,Oliver Stone,1991,"Drama, History, Thriller",8.0,72.0,189,70.41
High Noon,Fred Zinnemann,1952,"Drama, Thriller, Western",8.0,89.0,85,9.45
Planet of the Apes,Franklin J. Schaffner,1968,"Adventure, Sci-Fi",8.0,79.0,112,33.4
The Bourne Ultimatum,Paul Greengrass,2007,"Action, Mystery, Thriller",8.0,85.0,115,227.47
Akira,Katsuhiro Ôtomo,1988,"Animation, Action, Drama",8.0,67.0,124,0.55
Perfect Blue,Satoshi Kon,1997,"Animation, Crime, Drama",8.0,67.0,81,0.78
Kill Bill: Vol. 2,Quentin Tarantino,2004,"Action, Crime, Thriller",8.0,83.0,137,66.21
Life of Brian,Terry Jones,1979,Comedy,8.0,77.0,94,20.05
Butch Cassidy and the Sundance Kid,George Roy Hill,1969,"Biography, Crime, Drama",8.0,66.0,110,102.31
The King's Speech,Tom Hooper,2010,"Biography, Drama, History",8.0,88.0,118,138.8
Dogville,Lars von Trier,2003,"Crime, Drama",8.0,61.0,178,1.53
Fiddler on the Roof,Norman Jewison,1971,"Drama, Family, Musical",8.0,67.0,181,80.5
Lion,Garth Davis,2016,"Biography, Drama",8.0,69.0,118,51.74
What Ever Happened to Baby Jane?,Robert Aldrich,1962,"Drama, Horror, Thriller",8.0,75.0,134,4.05
Sling Blade,Billy Bob Thornton,1996,Drama,8.0,84.0,135,24.48
Chungking Express,Kar-Wai Wong,1994,"Comedy, Crime, Drama",8.0,78.0,102,0.6
Papillon,Franklin J. Schaffner,1973,"Biography, Crime, Drama",8.0,58.0,151,53.27
Being There,Hal Ashby,1979,"Comedy, Drama",8.0,83.0,130,30.18
The Last Picture Show,Peter Bogdanovich,1971,"Drama, Romance",8.0,93.0,118,29.13
8½,Federico Fellini,1963,"Biography, Drama",8.0,93.0,138,0.05
Annie Hall,Woody Allen,1977,"Comedy, Romance",8.0,92.0,93,39.2
Nausicaä of the Valley of the Wind,Hayao Miyazaki,1984,"Animation, Adventure, Sci-Fi",8.0,86.0,117,0.5
The Maltese Falcon,John Huston,1941,"Crime, Film-Noir, Mystery",8.0,97.0,100,2.11
Rio Bravo,Howard Hawks,1959,"Drama, Western",8.0,93.0,141,12.54
Pink Floyd: The Wall,Alan Parker,1982,"Drama, Fantasy, Music",8.0,47.0,95,22.24
Cinderella Man,Ron Howard,2005,"Biography, Drama, Romance",8.0,69.0,144,61.65
The Legend of 1900,Giuseppe Tornatore,1998,"Drama, Music, Romance",8.0,58.0,169,0.26
The Night of the Hunter,Charles Laughton,1955,"Crime, Drama, Film-Noir",8.0,97.0,92,0.65
La Dolce Vita,Federico Fellini,1960,"Comedy, Drama",8.0,95.0,174,19.52
Gandhi,Richard Attenborough,1982,"Biography, Drama, History",8.0,79.0,191,52.77
Wings of Desire,Wim Wenders,1987,"Drama, Fantasy, Romance",8.0,79.0,128,3.33
Infernal Affairs,Andrew Lau,2002,"Action, Crime, Drama",8.0,75.0,101,0.17
The Straight Story,David Lynch,1999,"Biography, Drama",8.0,86.0,112,6.2
Anatomy of a Murder,Otto Preminger,1959,"Drama, Mystery",8.0,95.0,161,11.9
Touch of Evil,Orson Welles,1958,"Crime, Drama, Film-Noir",8.0,99.0,95,2.24
Mirror,Andrei Tarkovsky,1975,"Biography, Drama",8.0,82.0,107,0.18
The Hustler,Robert Rossen,1961,"Drama, Sport",8.0,90.0,134,8.28
Elite Squad,José Padilha,2007,"Action, Crime, Drama",8.0,33.0,115,0.01
The Tale of The Princess Kaguya,Isao Takahata,2013,"Animation, Drama, Family",8.0,89.0,137,1.51
Nobody Knows,Kore-eda Hirokazu,2004,Drama,8.0,88.0,141,0.68
Secrets & Lies,Mike Leigh,1996,"Comedy, Drama",8.0,91.0,136,13.42
The Diving Bell and the Butterfly,Julian Schnabel,2007,"Biography, Drama",8.0,92.0,112,5.99
Song of the Sea,Tomm Moore,2014,"Animation, Adventure, Drama",8.0,85.0,93,0.86
Departures,Yôjirô Takita,2008,Drama,8.0,68.0,130,1.5
Persepolis,Vincent Paronnaud,2007,"Animation, Biography, Drama",8.0,90.0,96,4.45
"Black Cat, White Cat",Emir Kusturica,1998,"Comedy, Crime, Romance",8.0,73.0,127,0.35
The Wild Pear Tree,Nuri Bilge Ceylan,2018,Drama,8.0,86.0,188,0.03
"Goodbye, Children",Louis Malle,1987,"Drama, War",8.0,88.0,104,4.54
"Spring, Summer, Fall, Winter... and Spring",Kim Ki-duk,2003,"Drama, Romance",8.0,85.0,103,2.38
Elite Squad 2: The Enemy Within,José Padilha,2010,"Action, Crime, Drama",8.0,71.0,115,0.1
The Shop Around the Corner,Ernst Lubitsch,1940,"Comedy, Drama, Romance",8.0,96.0,99,0.2
Central Station,Walter Salles,1998,Drama,8.0,80.0,110,5.6
Tae Guk Gi: The Brotherhood of War,Je-kyu Kang,2004,"Action, Drama, War",8.0,64.0,140,1.11
Titanic,James Cameron,1997,"Drama, Romance",7.9,75.0,194,659.33
Avatar,James Cameron,2009,"Action, Adventure, Fantasy",7.9,83.0,162,760.51
Puss in Boots: The Last Wish,Joel Crawford,2022,"Animation, Adventure, Comedy",7.9,73.0,102,168.46
Fantastic Mr. Fox,Wes Anderson,2009,"Animation, Adventure, Comedy",7.9,83.0,87,21.0
Knives Out,Rian Johnson,2019,"Comedy, Crime, Drama",7.9,82.0,130,165.36
Iron Man,Jon Favreau,2008,"Action, Adventure, Sci-Fi",7.9,79.0,126,318.41
Mulholland Drive,David Lynch,2001,"Drama, Mystery, Thriller",7.9,86.0,147,7.22
Harry Potter and the Prisoner of Azkaban,Alfonso Cuarón,2004,"Adventure, Family, Fantasy",7.9,82.0,142,249.36
Star Trek,J.J. Abrams,2009,"Action, Adventure, Sci-Fi",7.9,82.0,127,257.73
True Romance,Tony Scott,1993,"Crime, Drama, Romance",7.9,59.0,119,12.28
Boogie Nights,Paul Thomas Anderson,1997,Drama,7.9,85.0,155,26.4
Edward Scissorhands,Tim Burton,1990,"Drama, Fantasy, Romance",7.9,74.0,105,56.36
Edge of Tomorrow,Doug Liman,2014,"Action, Adventure, Sci-Fi",7.9,71.0,113,100.21
The Perks of Being a Wallflower,Stephen Chbosky,2012,Drama,7.9,67.0,103,17.74
X-Men: Days of Future Past,Bryan Singer,2014,"Action, Adventure, Sci-Fi",7.9,75.0,132,233.92
Shaun of the Dead,Edgar Wright,2004,"Comedy, Horror",7.9,76.0,99,13.54
Almost Famous,Cameron Crowe,2000,"Adventure, Comedy, Drama",7.9,90.0,122,32.53
Jojo Rabbit,Taika Waititi,2019,"Comedy, Drama, War",7.9,58.0,108,33.37
The Bourne Identity,Doug Liman,2002,"Action, Mystery, Thriller",7.9,68.0,119,121.66
Bohemian Rhapsody,Bryan Singer,2018,"Biography, Drama, Music",7.9,49.0,134,216.43
Thor: Ragnarok,Taika Waititi,2017,"Action, Adventure, Comedy",7.9,74.0,130,315.06
Charade,Stanley Donen,1963,"Comedy, Mystery, Romance",7.9,83.0,113,13.47
E.T. the Extra-Terrestrial,Steven Spielberg,1982,"Adventure, Family, Sci-Fi",7.9,92.0,115,435.11
Shrek,Andrew Adamson,2001,"Animation, Adventure, Comedy",7.9,84.0,90,267.67
Life of Pi,Ang Lee,2012,"Adventure, Drama, Fantasy",7.9,79.0,127,124.99
In Bruges,Martin McDonagh,2008,"Comedy, Crime, Drama",7.9,67.0,107,7.76
Children of Men,Alfonso Cuarón,2006,"Action, Drama, Sci-Fi",7.9,84.0,109,35.55
The Blues Brothers,John Landis,1980,"Action, Adventure, Comedy",7.9,60.0,133,57.23
Mystic River,Clint Eastwood,2003,"Crime, Drama, Mystery",7.9,84.0,138,90.14
Dallas Buyers Club,Jean-Marc Vallée,2013,"Biography, Drama",7.9,77.0,117,27.3
District 9,Neill Blomkamp,2009,"Action, Sci-Fi, Thriller",7.9,81.0,112,115.65
Marriage Story,Noah Baumbach,2019,"Drama, Romance",7.9,94.0,137,2.0
All the President's Men,Alan J. Pakula,1976,"Drama, History, Thriller",7.9,84.0,138,70.6
Toy Story 2,John Lasseter,1999,"Animation, Adventure, Comedy",7.9,88.0,92,245.85
This Is Spinal Tap,Rob Reiner,1984,"Comedy, Music",7.9,92.0,82,4.74
Carlito's Way,Brian De Palma,1993,"Crime, Drama, Thriller",7.9,66.0,144,36.95
Bound by Honor,Taylor Hackford,1993,"Crime, Drama",7.9,47.0,180,4.5
Brazil,Terry Gilliam,1985,"Drama, Sci-Fi",7.9,84.0,132,9.93
Ghost in the Shell,Mamoru Oshii,1995,"Animation, Action, Crime",7.9,76.0,83,0.52
The Nightmare Before Christmas,Henry Selick,1993,"Animation, Family, Fantasy",7.9,82.0,76,75.08
Before Midnight,Richard Linklater,2013,"Drama, Romance",7.9,94.0,109,8.11
A Fistful of Dollars,Sergio Leone,1964,"Action, Drama, Western",7.9,65.0,99,14.5
Spartacus,Stanley Kubrick,1960,"Adventure, Biography, Drama",7.9,87.0,197,30.0
The Wrestler,Darren Aronofsky,2008,"Drama, Sport, Thriller",7.9,80.0,109,26.24
A Streetcar Named Desire,Elia Kazan,1951,Drama,7.9,97.0,122,8.0
"Crouching Tiger, Hidden Dragon",Ang Lee,2000,"Action, Adventure, Drama",7.9,94.0,120,128.08
Let the Right One In,Tomas Alfredson,2008,"Drama, Fantasy, Horror",7.9,82.0,114,2.12
The Wild Bunch,Sam Peckinpah,1969,"Action, Adventure, Drama",7.9,98.0,135,12.06
In the Heat of the Night,Norman Jewison,1967,"Drama, Mystery, Thriller",7.9,76.0,110,24.38
Doctor Zhivago,David Lean,1965,"Drama, Romance, War",7.9,69.0,197,111.72
The Raid 2,Gareth Evans,2014,"Action, Crime, Thriller",7.9,71.0,150,2.63
Once Were Warriors,Lee Tamahori,1994,"Crime, Drama",7.9,77.0,102,2.2
Sing Street,John Carney,2016,"Comedy, Drama, Music",7.9,79.0,106,3.24
Notorious,Alfred Hitchcock,1946,"Drama, Film-Noir, Romance",7.9,100.0,102,10.46
Hero,Yimou Zhang,2002,"Action, Adventure, Drama",7.9,85.0,120,53.71
King Kong,Merian C. Cooper,1933,"Adventure, Horror, Sci-Fi",7.9,92.0,100,10.0
Shoplifters,Kore-eda Hirokazu,2018,"Crime, Drama, Thriller",7.9,93.0,121,3.31
A Christmas Story,Bob Clark,1983,"Comedy, Family",7.9,77.0,93,20.61
Dancer in the Dark,Lars von Trier,2000,"Crime, Drama, Musical",7.9,63.0,140,4.18
Three Colors: Blue,Krzysztof Kieslowski,1993,"Drama, Music, Mystery",7.9,87.0,94,1.32
Strangers on a Train,Alfred Hitchcock,1951,"Crime, Drama, Film-Noir",7.9,88.0,101,7.63
Short Term 12,Destin Daniel Cretton,2013,Drama,7.9,82.0,96,1.01
The Red Circle,Jean-Pierre Melville,1970,"Crime, Drama, Thriller",7.9,92.0,140,0.37
Patton,Franklin J. Schaffner,1970,"Biography, Drama, War",7.9,86.0,172,61.7
The Big Sleep,Howard Hawks,1946,"Crime, Film-Noir, Mystery",7.9,86.0,114,6.54
About Elly,Asghar Farhadi,2009,"Drama, Mystery",7.9,87.0,119,0.11
Cat on a Hot Tin Roof,Richard Brooks,1958,Drama,7.9,84.0,108,17.57
The Conformist,Bernardo Bertolucci,1970,Drama,7.9,100.0,113,0.54
Amour,Michael Haneke,2012,Drama,7.9,95.0,127,6.74
Talk to Her,Pedro Almodóvar,2002,"Drama, Mystery, Romance",7.9,86.0,112,9.36
Kal Ho Naa Ho,Nikkhil Advani,2003,"Comedy, Drama, Musical",7.9,54.0,186,1.79
The Adventures of Robin Hood,Michael Curtiz,1938,"Action, Adventure, Romance",7.9,97.0,102,3.98
My Name Is Khan,Karan Johar,2010,"Adventure, Drama, Romance",7.9,50.0,165,4.02
A Taxi Driver,Hun Jang,2017,"Action, Drama, History",7.9,69.0,137,1.53
3-Iron,Kim Ki-duk,2004,"Crime, Drama, Romance",7.9,72.0,88,0.24
The Way He Looks,Daniel Ribeiro,2014,"Drama, Romance",7.9,71.0,96,0.1
Gully Boy,Zoya Akhtar,2019,"Drama, Music, Romance",7.9,65.0,154,5.57
Miracle on 34th Street,George Seaton,1947,"Comedy, Drama, Family",7.9,88.0,96,2.65
Nine Queens,Fabián Bielinsky,2000,"Crime, Drama, Thriller",7.9,80.0,114,1.22
Elevator to the Gallows,Louis Malle,1958,"Crime, Drama, Thriller",7.9,94.0,91,0.11
"4 Months, 3 Weeks and 2 Days",Cristian Mungiu,2007,Drama,7.9,97.0,113,1.19
Battleship Potemkin,Sergei Eisenstein,1925,"Drama, History, Thriller",7.9,97.0,66,0.05
The Return,Andrey Zvyagintsev,2003,Drama,7.9,82.0,110,0.5
Beauty and the Beast,Jean Cocteau,1946,"Drama, Fantasy, Romance",7.9,92.0,93,0.3
The Batman,Matt Reeves,2022,"Action, Crime, Drama",7.8,72.0,176,369.35
Everything Everywhere All at Once,Daniel Kwan,2022,"Action, Adventure, Comedy",7.8,81.0,139,72.86
Tombstone,George P. Cosmatos,1993,"Biography, Drama, History",7.8,50.0,130,56.51
Little Miss Sunshine,Jonathan Dayton,2006,"Comedy, Drama",7.8,80.0,101,59.89
Dunkirk,Christopher Nolan,2017,"Action, Drama, History",7.8,94.0,106,188.37
A Bronx Tale,Robert De Niro,1993,"Crime, Drama",7.8,80.0,121,17.27
Moonrise Kingdom,Wes Anderson,2012,"Comedy, Drama, Family",7.8,84.0,94,45.51
The Breakfast Club,John Hughes,1985,"Comedy, Drama",7.8,66.0,97,45.88
The Gentlemen,Guy Ritchie,2019,"Action, Comedy, Crime",7.8,51.0,113,36.47
The Notebook,Nick Cassavetes,2004,"Drama, Romance",7.8,53.0,123,81.0
Pride & Prejudice,Joe Wright,2005,"Drama, Romance",7.8,82.0,129,38.41
The Big Short,Adam McKay,2015,"Biography, Comedy, Drama",7.8,81.0,130,70.26
Hot Fuzz,Edgar Wright,2007,"Action, Comedy, Mystery",7.8,81.0,121,23.64
Call Me by Your Name,Luca Guadagnino,2017,"Drama, Romance",7.8,94.0,132,18.1
RRR,S.S. Rajamouli,2022,"Action, Drama",7.8,83.0,187,14.5
The Hateful Eight,Quentin Tarantino,2015,"Crime, Drama, Mystery",7.8,68.0,168,54.12
Ghostbusters,Ivan Reitman,1984,"Action, Comedy, Fantasy",7.8,71.0,105,238.63
The Irishman,Martin Scorsese,2019,"Biography, Crime, Drama",7.8,94.0,209,7.0
Little Women,Greta Gerwig,2019,"Drama, Romance",7.8,91.0,135,108.1
The Girl with the Dragon Tattoo,David Fincher,2011,"Crime, Drama, Mystery",7.8,71.0,158,102.52
The Sandlot,David Mickey Evans,1993,"Comedy, Drama, Family",7.8,55.0,101,32.42
Predator,John McTiernan,1987,"Action, Adventure, Horror",7.8,47.0,107,59.74
The Social Network,David Fincher,2010,"Biography, Drama",7.8,95.0,120,96.96
Isle of Dogs,Wes Anderson,2018,"Animation, Adventure, Comedy",7.8,82.0,101,32.02
Remember the Titans,Boaz Yakin,2000,"Biography, Drama, Sport",7.8,48.0,113,115.65
Ferris Bueller's Day Off,John Hughes,1986,Comedy,7.8,61.0,103,70.14
The Hobbit: An Unexpected Journey,Peter Jackson,2012,"Adventure, Fantasy",7.8,58.0,169,303.0
Rogue One: A Star Wars Story,Gareth Edwards,2016,"Action, Adventure, Sci-Fi",7.8,65.0,133,532.18
Star Wars: Episode VII - The Force Awakens,J.J. Abrams,2015,"Action, Adventure, Sci-Fi",7.8,80.0,138,936.66
Apocalypto,Mel Gibson,2006,"Action, Adventure, Drama",7.8,68.0,139,50.87
Nightcrawler,Dan Gilroy,2014,"Crime, Drama, Thriller",7.8,76.0,117,32.38
The Fugitive,Andrew Davis,1993,"Action, Crime, Drama",7.8,87.0,130,183.88
Hidden Figures,Theodore Melfi,2016,"Biography, Drama, History",7.8,74.0,127,169.61
American Gangster,Ridley Scott,2007,"Biography, Crime, Drama",7.8,76.0,157,130.16
Atonement,Joe Wright,2007,"Drama, Mystery, Romance",7.8,85.0,123,50.93
The Killing Fields,Roland Joffé,1984,"Biography, Drama, History",7.8,76.0,141,34.7
The Curious Case of Benjamin Button,David Fincher,2008,"Drama, Fantasy, Romance",7.8,70.0,166,127.51
Captain America: Civil War,Anthony Russo,2016,"Action, Sci-Fi",7.8,75.0,147,408.08
The Untouchables,Brian De Palma,1987,"Crime, Drama, Thriller",7.8,79.0,119,76.27
Cast Away,Robert Zemeckis,2000,"Adventure, Drama, Romance",7.8,73.0,143,233.63
Back to the Future Part II,Robert Zemeckis,1989,"Adventure, Comedy, Sci-Fi",7.8,57.0,108,118.5
Willy Wonka & the Chocolate Factory,Mel Stuart,1971,"Family, Fantasy, Musical",7.8,67.0,100,4.0
The Outlaw Josey Wales,Clint Eastwood,1976,Western,7.8,69.0,135,31.8
Captain America: The Winter Soldier,Anthony Russo,2014,"Action, Adventure, Sci-Fi",7.8,70.0,136,259.77
Skyfall,Sam Mendes,2012,"Action, Adventure, Thriller",7.8,81.0,143,304.36
Captain Phillips,Paul Greengrass,2013,"Action, Biography, Crime",7.8,82.0,134,107.1
Manchester by the Sea,Kenneth Lonergan,2016,Drama,7.8,96.0,137,47.7
Captain Fantastic,Matt Ross,2016,"Comedy, Drama",7.8,72.0,118,5.88
The Hobbit: The Desolation of Smaug,Peter Jackson,2013,Fantasy,7.8,66.0,161,258.37
Gattaca,Andrew Niccol,1997,"Drama, Sci-Fi, Thriller",7.8,64.0,106,12.34
Misery,Rob Reiner,1990,"Drama, Thriller",7.8,75.0,107,61.28
The Last Samurai,Edward Zwick,2003,"Action, Drama",7.8,55.0,154,111.11
Big Hero 6,Don Hall,2014,"Animation, Action, Adventure",7.8,74.0,102,222.53
Midnight Cowboy,John Schlesinger,1969,Drama,7.8,79.0,113,44.79
Boyz n the Hood,John Singleton,1991,"Crime, Drama",7.8,76.0,112,57.5
I Saw the Devil,Jee-woon Kim,2010,"Action, Crime, Thriller",7.8,67.0,144,0.13
Mary Poppins,Robert Stevenson,1964,"Comedy, Family, Fantasy",7.8,88.0,139,102.27
Walk the Line,James Mangold,2005,"Biography, Drama, Music",7.8,72.0,136,119.52
Straight Outta Compton,F. Gary Gray,2015,"Biography, Drama, History",7.8,72.0,147,161.2
The Conversation,Francis Ford Coppola,1974,"Drama, Mystery, Thriller",7.8,87.0,113,4.42
Glory,Edward Zwick,1989,"Biography, Drama, History",7.8,78.0,122,26.83
Awakenings,Penny Marshall,1990,"Biography, Drama",7.8,74.0,121,52.1
Serenity,Joss Whedon,2005,"Action, Adventure, Sci-Fi",7.8,74.0,119,25.51
Moon,Duncan Jones,2009,"Drama, Mystery, Sci-Fi",7.8,67.0,97,5.01
The Holy Mountain,Alejandro Jodorowsky,1973,"Adventure, Drama, Fantasy",7.8,76.0,114,0.06
The Right Stuff,Philip Kaufman,1983,"Adventure, Biography, Drama",7.8,91.0,193,21.5
Mississippi Burning,Alan Parker,1988,"Crime, Drama, Mystery",7.8,65.0,128,34.6
The King of Comedy,Martin Scorsese,1982,"Comedy, Crime, Drama",7.8,73.0,109,2.5
Paddington 2,Paul King,2017,"Adventure, Comedy, Family",7.8,88.0,103,40.44
The Girl with the Dragon Tattoo,Niels Arden Oplev,2009,"Crime, Drama, Mystery",7.8,76.0,152,10.1
How to Train Your Dragon 2,Dean DeBlois,2014,"Animation, Action, Adventure",7.8,77.0,102,177.0
The Remains of the Day,James Ivory,1993,"Drama, Romance",7.8,86.0,134,22.95
Hunt for the Wilderpeople,Taika Waititi,2016,"Adventure, Comedy, Drama",7.8,81.0,101,5.2
The Insider,Michael Mann,1999,"Biography, Drama, Thriller",7.8,84.0,157,28.97
Changeling,Clint Eastwood,2008,"Biography, Crime, Drama",7.8,63.0,141,35.74
Ed Wood,Tim Burton,1994,"Biography, Comedy, Drama",7.8,70.0,127,5.89
Night of the Living Dead,George A. Romero,1968,"Horror, Thriller",7.8,89.0,96,0.09
The Best Offer,Giuseppe Tornatore,2013,"Crime, Drama, Mystery",7.8,49.0,131,0.09
Dawn of the Dead,George A. Romero,1978,"Horror, Thriller",7.8,71.0,127,5.1
My Fair Lady,George Cukor,1964,"Drama, Family, Musical",7.8,95.0,170,72.0
Kramer vs. Kramer,Robert Benton,1979,Drama,7.8,77.0,105,106.26
My Left Foot,Jim Sheridan,1989,"Biography, Drama",7.8,97.0,103,14.74
The Day of the Jackal,Fred Zinnemann,1973,"Crime, Drama, Thriller",7.8,80.0,143,16.06
Cabaret,Bob Fosse,1972,"Drama, Music, Musical",7.8,80.0,124,42.77
October Sky,Joe Johnston,1999,"Biography, Drama, Family",7.8,71.0,108,32.48
Guess Who's Coming to Dinner,Stanley Kramer,1967,"Comedy, Drama",7.8,63.0,108,56.7
Freaks,Tod Browning,1932,"Drama, Horror",7.8,80.0,64,0.63
All About My Mother,Pedro Almodóvar,1999,"Comedy, Drama, Romance",7.8,87.0,101,8.26
All That Jazz,Bob Fosse,1979,"Drama, Music, Musical",7.8,72.0,123,37.82
Letters from Iwo Jima,Clint Eastwood,2006,"Action, Adventure, Drama",7.8,89.0,141,13.76
Lilya 4-Ever,Lukas Moodysson,2002,"Crime, Drama",7.8,83.0,109,0.18
Manhattan,Woody Allen,1979,"Comedy, Drama, Romance",7.8,83.0,96,45.7
Breaking the Waves,Lars von Trier,1996,Drama,7.8,81.0,159,4.04
Loving Vincent,DK Welchman,2017,"Animation, Drama, Mystery",7.8,62.0,94,6.74
The World's Fastest Indian,Roger Donaldson,2005,"Biography, Drama, Sport",7.8,68.0,127,5.13
The Lunchbox,Ritesh Batra,2013,"Drama, Romance",7.8,76.0,104,4.23
Land of Mine,Martin Zandvliet,2015,"Drama, History, War",7.8,75.0,100,0.44
Batman: Mask of the Phantasm,Eric Radomski,1993,"Animation, Action, Adventure",7.8,65.0,76,5.62
Hannah and Her Sisters,Woody Allen,1986,"Comedy, Drama",7.8,90.0,107,40.08
The White Ribbon,Michael Haneke,2009,"Drama, Mystery, Thriller",7.8,84.0,144,2.22
A Prophet,Jacques Audiard,2009,"Crime, Drama",7.8,90.0,155,2.08
The Bride of Frankenstein,James Whale,1935,"Drama, Horror, Sci-Fi",7.8,95.0,75,4.36
The Umbrellas of Cherbourg,Jacques Demy,1964,"Drama, Musical, Romance",7.8,86.0,91,0.03
"I, Daniel Blake",Ken Loach,2016,Drama,7.8,78.0,100,0.26
The Innocents,Jack Clayton,1961,Horror,7.8,88.0,100,2.62
The Postman,Michael Radford,1994,"Biography, Comedy, Drama",7.8,81.0,108,21.85
Cowboy Bebop: The Movie,Shin'ichirô Watanabe,2001,"Animation, Action, Crime",7.8,61.0,115,1.0
The Chorus,Christophe Barratier,2004,"Comedy, Drama, Music",7.8,56.0,97,3.64
Tokyo Godfathers,Satoshi Kon,2003,"Animation, Adventure, Comedy",7.8,74.0,92,0.13
Crimes and Misdemeanors,Woody Allen,1989,"Comedy, Drama",7.8,77.0,104,18.25
Once Upon a Time in Anatolia,Nuri Bilge Ceylan,2011,"Crime, Drama, Thriller",7.8,82.0,157,0.14
Veer Zaara,Yash Chopra,2004,"Drama, Family, Musical",7.8,67.0,192,2.92
The Discreet Charm of the Bourgeoisie,Luis Buñuel,1972,Comedy,7.8,93.0,102,0.2
"Like Father, Like Son",Kore-eda Hirokazu,2013,Drama,7.8,73.0,121,0.28
Millennium Actress,Satoshi Kon,2001,"Animation, Drama, Fantasy",7.8,70.0,87,0.19
My Life as a Zucchini,Claude Barras,2016,"Animation, Comedy, Drama",7.8,85.0,70,0.29
Mission: Impossible - Fallout,Christopher McQuarrie,2018,"Action, Adventure, Thriller",7.7,86.0,147,220.16
The Goonies,Richard Donner,1985,"Adventure, Comedy, Family",7.7,62.0,114,61.5
Kingsman: The Secret Service,Matthew Vaughn,2014,"Action, Adventure, Comedy",7.7,60.0,129,128.26
Harry Potter and the Goblet of Fire,Mike Newell,2005,"Adventure, Family, Fantasy",7.7,81.0,157,290.01
The Hangover,Todd Phillips,2009,Comedy,7.7,73.0,100,277.32
Ocean's Eleven,Steven Soderbergh,2001,"Crime, Thriller",7.7,74.0,116,183.42
Silver Linings Playbook,David O. Russell,2012,"Comedy, Drama, Romance",7.7,81.0,122,132.09
Zodiac,David Fincher,2007,"Crime, Drama, Mystery",7.7,79.0,157,33.08
Black Hawk Down,Ridley Scott,2001,"Action, Drama, History",7.7,74.0,144,108.64
Argo,Ben Affleck,2012,"Biography, Drama, Thriller",7.7,86.0,120,136.03
A Few Good Men,Rob Reiner,1992,"Drama, Thriller",7.7,62.0,138,141.34
Blue Is the Warmest Colour,Abdellatif Kechiche,2013,"Drama, Romance",7.7,90.0,180,2.2
Blazing Saddles,Mel Brooks,1974,"Comedy, Western",7.7,73.0,93,119.5
Lost in Translation,Sofia Coppola,2003,"Comedy, Drama",7.7,91.0,102,44.59
Evil Dead II,Sam Raimi,1987,"Comedy, Horror",7.7,72.0,84,5.92
Harry Potter and the Deathly Hallows: Part 1,David Yates,2010,"Adventure, Family, Fantasy",7.7,65.0,146,295.98
Brokeback Mountain,Ang Lee,2005,"Drama, Romance",7.7,87.0,134,83.04
The Last of the Mohicans,Michael Mann,1992,"Action, Adventure, Drama",7.7,76.0,112,75.51
Primal Fear,Gregory Hoblit,1996,"Crime, Drama, Mystery",7.7,47.0,129,56.12
Wind River,Taylor Sheridan,2017,"Crime, Drama, Mystery",7.7,73.0,107,33.8
X-Men: First Class,Matthew Vaughn,2011,"Action, Sci-Fi",7.7,65.0,131,146.41
Ex Machina,Alex Garland,2014,"Drama, Sci-Fi, Thriller",7.7,78.0,108,25.44
500 Days of Summer,Marc Webb,2009,"Comedy, Drama, Romance",7.7,76.0,95,32.39
3:10 to Yuma,James Mangold,2007,"Action, Crime, Drama",7.7,76.0,122,53.61
Airplane!,Jim Abrahams,1980,Comedy,7.7,78.0,88,83.4
And Your Mother Too,Alfonso Cuarón,2001,Drama,7.7,89.0,106,13.62
Home Alone,Chris Columbus,1990,"Comedy, Family",7.7,63.0,103,285.76
Training Day,Antoine Fuqua,2001,"Action, Crime, Drama",7.7,69.0,122,76.63
Blue Velvet,David Lynch,1986,"Crime, Drama, Mystery",7.7,76.0,120,8.55
Who Framed Roger Rabbit,Robert Zemeckis,1988,"Animation, Adventure, Comedy",7.7,83.0,104,156.45
Coraline,Henry Selick,2009,"Animation, Drama, Family",7.7,80.0,100,75.29
Glengarry Glen Ross,James Foley,1992,"Crime, Drama, Mystery",7.7,82.0,100,10.73
Wait Until Dark,Terence Young,1967,Thriller,7.7,81.0,108,17.55
The Game,David Fincher,1997,"Drama, Mystery, Thriller",7.7,63.0,129,48.32
The Count of Monte Cristo,Kevin Reynolds,2002,"Action, Adventure, Drama",7.7,61.0,131,54.23
The Lego Movie,Phil Lord,2014,"Animation, Action, Adventure",7.7,83.0,100,257.76
Philadelphia,Jonathan Demme,1993,Drama,7.7,66.0,125,77.32
Tangled,Nathan Greno,2010,"Animation, Adventure, Comedy",7.7,71.0,100,200.82
Man on Fire,Tony Scott,2004,"Action, Crime, Drama",7.7,47.0,146,77.91
Birdman or (The Unexpected Virtue of Ignorance),Alejandro G. Iñárritu,2014,"Comedy, Drama",7.7,87.0,119,42.34
Deliverance,John Boorman,1972,"Adventure, Drama, Thriller",7.7,80.0,109,7.06
First Blood,Ted Kotcheff,1982,"Action, Adventure, Thriller",7.7,61.0,93,47.21
Sense and Sensibility,Ang Lee,1995,"Drama, Romance",7.7,84.0,136,43.18
Star Trek II: The Wrath of Khan,Nicholas Meyer,1982,"Action, Adventure, Sci-Fi",7.7,68.0,113,78.91
The Fault in Our Stars,Josh Boone,2014,"Drama, Romance",7.7,69.0,126,124.87
The Bourne Supremacy,Paul Greengrass,2004,"Action, Mystery, Thriller",7.7,73.0,108,176.24
Wreck-It Ralph,Rich Moore,2012,"Animation, Adventure, Comedy",7.7,72.0,101,189.42
Midnight in Paris,Woody Allen,2011,"Comedy, Fantasy, Romance",7.7,81.0,94,56.82
Toy Story 4,Josh Cooley,2019,"Animation, Adventure, Comedy",7.7,84.0,100,434.04
Halloween,John Carpenter,1978,"Horror, Thriller",7.7,87.0,91,47.0
The Machinist,Brad Anderson,2004,"Drama, Thriller",7.7,61.0,101,1.08
"O Brother, Where Art Thou?",Joel Coen,2000,"Adventure, Comedy, Crime",7.7,69.0,107,45.51
What's Eating Gilbert Grape,Lasse Hallström,1993,Drama,7.7,73.0,118,9.17
The Magnificent Seven,John Sturges,1960,"Action, Adventure, Drama",7.7,74.0,128,4.91
The French Connection,William Friedkin,1971,"Action, Crime, Drama",7.7,94.0,104,15.63
Gravity,Alfonso Cuarón,2013,"Drama, Sci-Fi, Thriller",7.7,96.0,91,274.09
Donnie Brasco,Mike Newell,1997,"Biography, Crime, Drama",7.7,76.0,127,41.91
As Good as It Gets,James L. Brooks,1997,"Comedy, Drama, Romance",7.7,67.0,139,148.48
Road to Perdition,Sam Mendes,2002,"Crime, Drama, Thriller",7.7,72.0,117,104.45
The Boondock Saints,Troy Duffy,1999,"Action, Thriller",7.7,44.0,108,0.03
Naked,Mike Leigh,1993,"Comedy, Drama",7.7,85.0,131,1.77
Empire of the Sun,Steven Spielberg,1987,"Drama, War",7.7,62.0,153,22.24
The Color Purple,Steven Spielberg,1985,Drama,7.7,78.0,154,98.47
When Harry Met Sally...,Rob Reiner,1989,"Comedy, Drama, Romance",7.7,76.0,95,92.82
The Boy in the Striped Pajamas,Mark Herman,2008,"Drama, War",7.7,55.0,94,9.03
A Man Called Ove,Hannes Holm,2015,"Comedy, Drama, Romance",7.7,70.0,116,3.48
Star Trek Into Darkness,J.J. Abrams,2013,"Action, Adventure, Sci-Fi",7.7,72.0,132,228.78
Fried Green Tomatoes,Jon Avnet,1991,Drama,7.7,64.0,130,82.42
Kung Fu Hustle,Stephen Chow,2004,"Action, Comedy, Fantasy",7.7,78.0,99,17.11
Dirty Harry,Don Siegel,1971,"Action, Crime, Thriller",7.7,87.0,102,35.9
Serpico,Sidney Lumet,1973,"Biography, Crime, Drama",7.7,81.0,130,29.8
Detachment,Tony Kaye,2011,Drama,7.7,52.0,98,0.07
Happiness,Todd Solondz,1998,"Comedy, Drama",7.7,81.0,134,2.81
Being John Malkovich,Spike Jonze,1999,"Comedy, Drama, Fantasy",7.7,90.0,113,22.86
The Theory of Everything,James Marsh,2014,"Biography, Drama, Romance",7.7,71.0,123,35.89
The Dirty Dozen,Robert Aldrich,1967,"Action, Adventure, War",7.7,73.0,150,45.3
Lucky Number Slevin,Paul McGuigan,2006,"Crime, Drama, Thriller",7.7,53.0,110,22.49
Adaptation.,Spike Jonze,2002,"Comedy, Drama",7.7,83.0,115,22.25
Clerks,Kevin Smith,1994,Comedy,7.7,70.0,92,3.15
The Longest Day,Ken Annakin,1962,"Action, Drama, History",7.7,75.0,178,39.1
This Is England,Shane Meadows,2006,"Crime, Drama",7.7,86.0,101,0.33
The Name of the Rose,Jean-Jacques Annaud,1986,"Drama, Mystery, Thriller",7.7,54.0,130,7.15
Goldfinger,Guy Hamilton,1964,"Action, Adventure, Thriller",7.7,87.0,110,51.08
Ordinary People,Robert Redford,1980,Drama,7.7,86.0,124,54.8
"South Park: Bigger, Longer & Uncut",Trey Parker,1999,"Animation, Comedy, Fantasy",7.7,73.0,81,52.04
The Verdict,Sidney Lumet,1982,Drama,7.7,77.0,129,54.0
The Great Beauty,Paolo Sorrentino,2013,Drama,7.7,86.0,141,2.85
Malcolm X,Spike Lee,1992,"Biography, Drama, History",7.7,73.0,202,48.17
Billy Elliot,Stephen Daldry,2000,"Drama, Music",7.7,74.0,110,22.0
Miller's Crossing,Joel Coen,1990,"Crime, Drama, Thriller",7.7,66.0,115,5.08
Paprika,Satoshi Kon,2006,"Animation, Drama, Fantasy",7.7,81.0,90,0.88
The Wind Rises,Hayao Miyazaki,2013,"Animation, Biography, Drama",7.7,83.0,126,5.21
Run Lola Run,Tom Tykwer,1998,"Action, Crime, Thriller",7.7,77.0,80,7.27
The Last Emperor,Bernardo Bertolucci,1987,"Biography, Drama, History",7.7,76.0,163,43.98
Kubo and the Two Strings,Travis Knight,2016,"Animation, Action, Adventure",7.7,84.0,101,48.02
Fantastic Planet,René Laloux,1973,"Animation, Sci-Fi",7.7,73.0,72,0.19
Mother,Bong Joon Ho,2009,"Crime, Drama, Mystery",7.7,79.0,129,0.55
The African Queen,John Huston,1951,"Adventure, Drama, Romance",7.7,91.0,105,0.54
Beasts of No Nation,Cary Joji Fukunaga,2015,"Drama, War",7.7,79.0,137,0.08
Finding Neverland,Marc Forster,2004,"Biography, Drama, Family",7.7,67.0,106,51.68
Me and Earl and the Dying Girl,Alfonso Gomez-Rejon,2015,"Comedy, Drama, Romance",7.7,74.0,105,6.74
The Quiet Man,John Ford,1952,"Comedy, Drama, Romance",7.7,85.0,129,10.55
Happy Together,Kar-Wai Wong,1997,"Drama, Romance",7.7,70.0,96,0.19
Black Book,Paul Verhoeven,2006,"Drama, Thriller, War",7.7,71.0,145,4.4
Short Cuts,Robert Altman,1993,"Comedy, Drama",7.7,81.0,188,6.11
Fantasia,James Algar,1940,"Animation, Family, Fantasy",7.7,96.0,124,76.41
Nebraska,Alexander Payne,2013,Drama,7.7,86.0,115,17.65
The Double Life of Véronique,Krzysztof Kieslowski,1991,"Drama, Fantasy, Music",7.7,86.0,98,2.0
Waking Life,Richard Linklater,2001,"Animation, Drama, Fantasy",7.7,84.0,99,2.89
When Marnie Was There,Hiromasa Yonebayashi,2014,"Animation, Drama, Family",7.7,72.0,103,0.77
Hedwig and the Angry Inch,John Cameron Mitchell,2001,"Comedy, Drama, Music",7.7,85.0,95,3.03
A Man for All Seasons,Fred Zinnemann,1966,"Biography, Drama, History",7.7,72.0,120,28.35
Night on Earth,Jim Jarmusch,1991,"Comedy, Drama",7.7,68.0,129,2.02
The Broken Circle Breakdown,Felix van Groeningen,2012,"Drama, Music, Romance",7.7,70.0,111,0.18
The Triplets of Belleville,Sylvain Chomet,2003,"Animation, Adventure, Comedy",7.7,91.0,80,7.0
Good Bye Lenin!,Wolfgang Becker,2003,"Comedy, Drama, Romance",7.7,68.0,121,4.06
The Little Prince,Mark Osborne,2015,"Animation, Adventure, Drama",7.7,70.0,108,1.34
The Motorcycle Diaries,Walter Salles,2004,"Adventure, Biography, Drama",7.7,75.0,126,16.78
Down by Law,Jim Jarmusch,1986,"Comedy, Crime, Drama",7.7,75.0,107,1.44
The Caine Mutiny,Edward Dmytryk,1954,"Drama, War",7.7,63.0,124,21.75
Frost/Nixon,Ron Howard,2008,"Biography, Drama, History",7.7,80.0,122,18.59
Taste of Cherry,Abbas Kiarostami,1997,Drama,7.7,80.0,95,0.31
The Salesman,Asghar Farhadi,2016,"Drama, Thriller",7.7,85.0,124,2.4
The Experiment,Oliver Hirschbiegel,2001,"Drama, Thriller",7.7,60.0,120,0.14
Evil,Mikael Håfström,2003,Drama,7.7,61.0,113,0.02
The Magdalene Sisters,Peter Mullan,2002,Drama,7.7,83.0,114,4.89
After the Wedding,Susanne Bier,2006,Drama,7.7,78.0,120,0.41
In America,Jim Sheridan,2002,Drama,7.7,76.0,105,15.54
The Breadwinner,Nora Twomey,2017,"Animation, Drama, Family",7.7,78.0,94,0.31
Fireworks,Takeshi Kitano,1997,"Crime, Drama, Romance",7.7,83.0,103,0.23
The Purple Rose of Cairo,Woody Allen,1985,"Comedy, Fantasy, Romance",7.7,75.0,82,10.63
The Muppet Christmas Carol,Brian Henson,1992,"Comedy, Drama, Family",7.7,64.0,85,27.28
The Past,Asghar Farhadi,2013,"Drama, Mystery",7.7,85.0,130,1.33
The Edge of Heaven,Fatih Akin,2007,Drama,7.7,85.0,122,0.74
Avatar: The Way of Water,James Cameron,2022,"Action, Adventure, Fantasy",7.6,67.0,192,659.68
Harry Potter and the Sorcerer's Stone,Chris Columbus,2001,"Adventure, Family, Fantasy",7.6,65.0,152,317.58
Once Upon a Time in Hollywood,Quentin Tarantino,2019,"Comedy, Drama",7.6,83.0,161,142.5
American Psycho,Mary Harron,2000,"Crime, Drama, Horror",7.6,64.0,102,15.07
The Fifth Element,Luc Besson,1997,"Action, Adventure, Sci-Fi",7.6,52.0,126,63.54
Superbad,Greg Mottola,2007,Comedy,7.6,76.0,113,121.46
The Royal Tenenbaums,Wes Anderson,2001,"Comedy, Drama",7.6,76.0,110,52.36
300,Zack Snyder,2006,"Action, Drama",7.6,52.0,117,210.61
Watchmen,Zack Snyder,2009,"Action, Drama, Mystery",7.6,56.0,162,107.51
Deadpool 2,David Leitch,2018,"Action, Adventure, Comedy",7.6,66.0,119,324.59
Guardians of the Galaxy Vol. 2,James Gunn,2017,"Action, Adventure, Comedy",7.6,67.0,136,389.81
RoboCop,Paul Verhoeven,1987,"Action, Crime, Sci-Fi",7.6,70.0,102,53.42
Kick-Ass,Matthew Vaughn,2010,"Action, Comedy, Crime",7.6,66.0,117,48.07
Sicario,Denis Villeneuve,2015,"Action, Crime, Drama",7.6,82.0,121,46.89
My Cousin Vinny,Jonathan Lynn,1992,"Comedy, Crime",7.6,68.0,120,52.93
Rushmore,Wes Anderson,1998,"Comedy, Drama, Romance",7.6,86.0,93,17.11
Saw,James Wan,2004,"Horror, Mystery, Thriller",7.6,46.0,103,56.0
Office Space,Mike Judge,1999,Comedy,7.6,68.0,89,10.82
Moneyball,Bennett Miller,2011,"Biography, Drama, Sport",7.6,87.0,133,75.61
A Star Is Born,Bradley Cooper,2018,"Drama, Music, Romance",7.6,88.0,136,215.29
The Butterfly Effect,Eric Bress,2004,"Drama, Sci-Fi, Thriller",7.6,30.0,113,57.94
Inside Man,Spike Lee,2006,"Crime, Drama, Mystery",7.6,76.0,129,88.51
Star Wars: Episode III - Revenge of the Sith,George Lucas,2005,"Action, Adventure, Fantasy",7.6,68.0,140,380.26
Stardust,Matthew Vaughn,2007,"Adventure, Family, Fantasy",7.6,66.0,127,38.63
True Grit,Ethan Coen,2010,"Drama, Western",7.6,80.0,110,171.24
Kung Fu Panda,Mark Osborne,2008,"Animation, Action, Adventure",7.6,74.0,92,215.43
Minority Report,Steven Spielberg,2002,"Action, Crime, Mystery",7.6,80.0,145,132.07
The Blind Side,John Lee Hancock,2009,"Biography, Drama, Sport",7.6,53.0,129,255.96
Eastern Promises,David Cronenberg,2007,"Crime, Drama, Thriller",7.6,83.0,100,17.11
The Others,Alejandro Amenábar,2001,"Horror, Mystery, Thriller",7.6,74.0,104,96.52
The Birds,Alfred Hitchcock,1963,"Drama, Horror, Mystery",7.6,90.0,119,11.4
Mulan,Tony Bancroft,1998,"Animation, Adventure, Comedy",7.6,71.0,87,120.62
The Fly,David Cronenberg,1986,"Drama, Horror, Sci-Fi",7.6,79.0,96,40.46
Lethal Weapon,Richard Donner,1987,"Action, Crime, Thriller",7.6,68.0,109,65.21
What We Do in the Shadows,Jemaine Clement,2014,"Comedy, Horror",7.6,76.0,86,3.33
The Thin Red Line,Terrence Malick,1998,"Drama, History, War",7.6,78.0,170,36.4
Despicable Me,Pierre Coffin,2010,"Animation, Adventure, Comedy",7.6,72.0,95,251.51
The Raid: Redemption,Gareth Evans,2011,"Action, Crime, Thriller",7.6,73.0,101,4.11
The Road Warrior,George Miller,1981,"Action, Adventure, Sci-Fi",7.6,77.0,96,12.47
Dark City,Alex Proyas,1998,"Fantasy, Mystery, Sci-Fi",7.6,66.0,100,14.38
Gone Baby Gone,Ben Affleck,2007,"Crime, Drama, Mystery",7.6,72.0,114,20.3
The Skin I Live In,Pedro Almodóvar,2011,"Drama, Horror, Mystery",7.6,70.0,120,3.19
Ponyo,Hayao Miyazaki,2008,"Animation, Adventure, Comedy",7.6,86.0,101,15.09
The Jungle Book,Wolfgang Reitherman,1967,"Animation, Adventure, Comedy",7.6,65.0,78,141.84
Enter the Dragon,Robert Clouse,1973,"Action, Crime, Thriller",7.6,83.0,102,25.0
End of Watch,David Ayer,2012,"Action, Adventure, Crime",7.6,68.0,109,41.0
Dawn of the Planet of the Apes,Matt Reeves,2014,"Action, Adventure, Drama",7.6,79.0,130,208.55
I Am Sam,Jessie Nelson,2001,Drama,7.6,28.0,132,40.31
Match Point,Woody Allen,2005,"Drama, Romance, Thriller",7.6,72.0,124,23.09
The Bridges of Madison County,Clint Eastwood,1995,"Drama, Romance",7.6,69.0,135,71.52
Die Hard with a Vengeance,John McTiernan,1995,"Action, Adventure, Thriller",7.6,58.0,128,100.01
Snow White and the Seven Dwarfs,William Cottrell,1937,"Animation, Adventure, Family",7.6,96.0,83,184.93
From Here to Eternity,Fred Zinnemann,1953,"Drama, Romance, War",7.6,85.0,118,30.5
50/50,Jonathan Levine,2011,"Comedy, Drama, Romance",7.6,72.0,100,35.01
Barton Fink,Joel Coen,1991,"Comedy, Drama, Thriller",7.6,69.0,116,6.15
21 Grams,Alejandro G. Iñárritu,2003,"Crime, Drama, Thriller",7.6,70.0,124,16.29
United 93,Paul Greengrass,2006,"Action, Drama, History",7.6,90.0,111,31.57
The Last King of Scotland,Kevin Macdonald,2006,"Biography, Drama, History",7.6,74.0,123,17.61
25th Hour,Spike Lee,2002,Drama,7.6,69.0,135,13.06
The Taking of Pelham One Two Three,Joseph Sargent,1974,"Action, Crime, Thriller",7.6,68.0,104,2.49
Control,Anton Corbijn,2007,"Biography, Drama, Music",7.6,78.0,122,0.87
A Very Long Engagement,Jean-Pierre Jeunet,2004,"Drama, Mystery, Romance",7.6,76.0,133,6.17
Shine,Scott Hicks,1996,"Biography, Drama, Music",7.6,87.0,105,35.81
Philomena,Stephen Frears,2013,"Biography, Comedy, Drama",7.6,77.0,98,37.71
